Spotify URI,Title,Album,Artist(s),Submitter ID,Created,Comment,Round ID,Visible To Voters
spotify:track:0WprcCQhZuJBU2KR1h8tRh,Cold Reactor,Mountainhead,Everything Everything,fee7e973fd6f45d48299e77843f5cb17,2024-08-22T03:28:20Z,"Man, this is such a fun song. The run starting at 1:42 is damn near perfect imo",21b2dbc968d042a197ca12c3dedf8cbc,Yes
spotify:track:1BqJIsOlo8rpm6FJ5N8VtJ,I Don't Wanna Be An Asshole Anymore,Rented World,The Menzingers,bdd60b40c4ca4c78a0cbf518560cd06c,2024-08-21T16:50:14Z,"268,346 monthly listeners

I‚Äôm hoping you‚Äôve all seen enough Menzingers jokes on Hard Times that you‚Äôve at least listened to them one time. Or maybe you‚Äôre just an Aging Punk and you had no choice.",21b2dbc968d042a197ca12c3dedf8cbc,Yes
spotify:track:1K4cB2pZwcQsnZvoHOeHcr,The Professional,All Hands on the Bad One (Remastered),Sleater-Kinney,e305e2cab85b4f929234bfdf98d6c6d0,2024-08-21T01:23:57Z,"Critically acclaimed but less popular than I expected - 276k monthly listeners. You may know them from Season 16, or from being cool, or both. ",21b2dbc968d042a197ca12c3dedf8cbc,Yes
spotify:track:1yFgCrFRaaSpsvtIiqe4O8,Fa Fa,Lost and Gone Forever,Guster,375890ae19ed48e6a2255b2692d6b3d8,2024-08-21T00:00:47Z,"See: Disturbia soundtrack

Ironically in my ol‚Äô hipster days I was annoyed that people knew ~my~ band from a movie, but little did I know it‚Äôd pay off in ML years later",21b2dbc968d042a197ca12c3dedf8cbc,Yes
spotify:track:3UBDdFbJw8h0zLMaXGftE6,At Your Funeral,Stay What You Are,Saves The Day,6e74e3bbc8e643a0b2ed5c998b8bb5ce,2024-08-20T15:46:19Z,Ha! That‚Äôs right! Saves The Day only has 200k monthly listeners in 2024! All you old heads owe me a point! It‚Äôs the rules! Don‚Äôt pretend you didn‚Äôt go through a Saves The Day phase! Or date someone who did! Or have your heart broken by someone who did! I didn‚Äôt! I‚Äôm bulletproof! Fuck you Jessica I‚Äôve moved on!!!!,21b2dbc968d042a197ca12c3dedf8cbc,Yes
spotify:track:4kFfFe38CRVnTsakUTL4E4,Rise Above,Damaged,Black Flag,1dacffd0545140b2970d73e29fe6cf33,2024-08-21T13:41:33Z,Little known band. Maybe you've heard of them,21b2dbc968d042a197ca12c3dedf8cbc,Yes
spotify:track:4tRmLrygJc0ZzH5I7U6VMv,Caution - 2007 Remaster,Operation Ivy (2007 Remaster),Operation Ivy,8be09f03fa73411fbe152872376053d5,2024-08-20T18:04:27Z,"389K monthly listeners. 

This round was difficult to choose. A band that 13 people have all heard but has less than 500,000 listeners? Sounds like Operation Ivy to me. They only made one album 35 years ago, and yet you've probably already heard them.
",21b2dbc968d042a197ca12c3dedf8cbc,Yes
spotify:track:4WaO8txBXmh3XWdXhUsH0Z,Pash Rash,WORRY.,Jeff Rosenstock,d16b02d16f77415da273094af63d462e,2024-08-20T21:48:12Z,"I am going so safe on the artist pick(276k monthly, Eardley can't touch me), and honestly this is kind of a generic pull from his discog but a) it's a LITTLE less so than Nausea and b) come on, you can't tell me you can listen to this and NOT want to listen to the Cribs my dear while we make out in your car, and fuck the haters who object they're overrating self respect",21b2dbc968d042a197ca12c3dedf8cbc,Yes
spotify:track:5FXcqBz3LrM7WCMnWqEeEK,Let Me Be Your Jesus,Workin' On A World,Iris DeMent,704b79ab3f4b470884593060712e8afd,2024-08-22T03:58:21Z,"Sounds a bit weird, but the delivery is really memorable and satisfying to me
At least ten of you have heard her before lol ",21b2dbc968d042a197ca12c3dedf8cbc,Yes
spotify:track:6TJqm5JsASKBORmCxyt4AA,Half Heart,Twin Peaks: Season Two Music And More,"Angelo Badalamenti, David Lynch",f4192118aa6049b7bf4aeab8f345d4bf,2024-08-20T18:09:19Z,"443.9K monthly listeners

Assuming everyone is at least familiar with Angelo Badalamenti through his work with David Lynch. 

This track has always made me picture an erotic softcore scene of a couple showering at a waterfall in the forest. The woman looks like Tia Carrerre and the man looks like Dean Cain. ",21b2dbc968d042a197ca12c3dedf8cbc,Yes
spotify:track:6vs1qlgpM4ch0wqz9gPymX,Juxtapozed with U (2021 - Remaster),Rings Around the World (20th Anniversary Edition),Super Furry Animals,58386a2a504f4fd08caed77112bedc82,2024-08-20T09:27:58Z,Not sure how well known these are but always loved this song and haven't really found the round to share it,21b2dbc968d042a197ca12c3dedf8cbc,Yes
spotify:track:74L1SDDbutAB3ex8VeOPkG,Mickey - Original Version,Mickey,Toni Basil,fd4c3b50daf548ffa16be6f215d5b883,2024-08-21T08:41:57Z,"I would think it's safe to assume everyone has heard this song - 448.3k monthly listeners for Toni - I unironically really like this song, absolute banger for piners everywhere",21b2dbc968d042a197ca12c3dedf8cbc,Yes
spotify:track:7G5BQ47NKi7AoKvFzP3ouA,Girls Make Me Wanna Die,I've Loved You For So Long,The Aces,3ceb8b04eb6f49139ce22d7c27a71e41,2024-08-20T02:14:48Z,"LOVE This song.....listened to it so much this past spring. It's incredibly upbeat and fun, and I can't resist a lesbian love song. I'm glad this song is so popular and I hope y'all like it!",21b2dbc968d042a197ca12c3dedf8cbc,Yes
spotify:track:7swocJUCUWTCiRUAU9oerC,Halloween Theme - Main Title,Halloween Motion Picture Soundtrack,John Carpenter,f0210a760ed4406e838b0b2e03fc2a7e,2024-08-20T02:25:56Z,,21b2dbc968d042a197ca12c3dedf8cbc,No
spotify:track:0WoFcqOrwlYSaTKVlH3cNT,Coal,River Teeth Tapes,The Spine Stealers,d16b02d16f77415da273094af63d462e,2024-08-27T04:07:15Z,this band is local to me and I love them to death. They're super easy to listen to but imo not overly boring because of it.,bb714fbd5de8410b87951653c326a7e1,Yes
spotify:track:1jJci4qxiYcOHhQR247rEU,Kids,Oracular Spectacular,MGMT,1dacffd0545140b2970d73e29fe6cf33,2024-08-27T14:13:18Z,"Nothing screams ""farmers market"" more than a song that reminds every middle age white person that they almost did molly one time",bb714fbd5de8410b87951653c326a7e1,Yes
spotify:track:254bXAqt3zP6P50BdQvEsq,Everywhere - 2017 Remaster,Tango In the Night (Deluxe Edition),Fleetwood Mac,fd4c3b50daf548ffa16be6f215d5b883,2024-08-26T17:58:17Z,It's early on a Saturday and I have just arrived at the farmer's market. I have a list of some bits I need to make nice dinners during the week. There's an autumn crisp in the air and I'm wearing my favourite jacket and I am not too hot or too cold. This song plays as I peruse an assortment of breads that aren't on the list but I know would be so delicious with some soup later that evening. As I put a little loaf into my tote bag I am reminded of the splendor of love ,bb714fbd5de8410b87951653c326a7e1,Yes
spotify:track:2ck13qfgRZ1msyEJlDqzvk,Where Have All the Cowboys Gone?,This Fire,Paula Cole,bdd60b40c4ca4c78a0cbf518560cd06c,2024-08-26T18:31:40Z,"I feel like I've heard this a thousand times in the co-op I grew up near. And I think if I go back today, it's still playing. It exists outside of time as the quintessential health food store song.",bb714fbd5de8410b87951653c326a7e1,Yes
spotify:track:378HOooPNo6LRIfVHb15nW,Near Wild Heaven,Out Of Time (25th Anniversary Edition),R.E.M.,f0210a760ed4406e838b0b2e03fc2a7e,2024-08-26T22:27:31Z,"I think this song is a definite vibe here that could easily fit either. Also, ‚ÄúWild Heaven‚Äù could be the name of a health food store or a farmer‚Äôs market. Plus, isn‚Äôt Bill Berry a farmer now?!",bb714fbd5de8410b87951653c326a7e1,Yes
spotify:track:4lLw6YNzpJrnEW7ZFvJwhs,Vega-Tables,The Smile Sessions,The Beach Boys,f4192118aa6049b7bf4aeab8f345d4bf,2024-08-27T18:38:07Z,self-explanatory,bb714fbd5de8410b87951653c326a7e1,Yes
spotify:track:500UbifF9XkKd2HgqmsnKu,The Golden Hour,Here,Louie Zong,fee7e973fd6f45d48299e77843f5cb17,2024-08-28T00:44:17Z,,bb714fbd5de8410b87951653c326a7e1,Yes
spotify:track:5JIobM5qcmVROZLIAJz4gD,Got to Be Lovin' You,Rendez-Vous,Erik Tagg,6e74e3bbc8e643a0b2ed5c998b8bb5ce,2024-08-27T20:39:51Z,"Upbeat, Muzak-y, 70s soft rock is the predominant flavor at my local farmers market ",bb714fbd5de8410b87951653c326a7e1,Yes
spotify:track:6yZsZQTYIb8NICsl5Dyesx,The Rainbow Connection - Outtake,As Time Goes By,Carpenters,375890ae19ed48e6a2255b2692d6b3d8,2024-08-27T07:34:46Z,"This was a tough one because my closest health food store in DC is run by a nice Korean lady who plays talk radio.

But this was belted out by a father/daughter duo at the farmer‚Äôs market outside my apt recently and who can hate on the Muppets",bb714fbd5de8410b87951653c326a7e1,Yes
spotify:track:72Ceq93mXvC7V8v3toXIzZ,lucid,little bro,Lottie Johnston,e305e2cab85b4f929234bfdf98d6c6d0,2024-08-27T22:07:49Z,"Lottie sets up with her guitar in a corner of the farmers market. Unamplified, she is initially drowned out by people haranguing stallholders about the color of their bananas and precocious children asking why they can't drink their kombucha NOW. 

As the day wears on and the crowds thin out, a group of weary shoppers gather belatedly around the performance, just in time for this little gem of a song. Afterwards a few CDs are sold, and her Spotify listener count nudges over 200 for a short time.",bb714fbd5de8410b87951653c326a7e1,Yes
spotify:track:7fQxCHokVeZEJqYxmhTyVv,Honeybody,Sonderlust,Kishi Bashi,3ceb8b04eb6f49139ce22d7c27a71e41,2024-08-28T02:07:12Z,Farmers market stand with honey and iced tea and pastries.....,bb714fbd5de8410b87951653c326a7e1,Yes
spotify:track:7kuOhBGsXjpwvLRQCDAPAJ,September Fields,Indian Ocean,Frazey Ford,704b79ab3f4b470884593060712e8afd,2024-08-28T02:58:47Z,"More mass appeal than bluegrass but still has that granola vibe 
This used to be my very favorite song and I‚Äôd still spend more time (and maybe money) wherever this is playing",bb714fbd5de8410b87951653c326a7e1,Yes
spotify:track:1lYOlG9ZNtz5p3eSgnMn0Z,Charmless Man,Blur: The Best Of,Blur,58386a2a504f4fd08caed77112bedc82,2024-09-01T21:43:04Z,"Round Idea: Song for a political rally. Choose a song and candidate it would go with. In this case, JD Vance can walk out to the podium to this: ",bbb96d678a4e4585b60984d760e05c80,Yes
spotify:track:1NgOE9DQOTnCKsxsfbksyt,Judgment Bolt,Judgment Bolt,death's dynamic shroud,3ceb8b04eb6f49139ce22d7c27a71e41,2024-09-01T22:18:57Z,"Prompt: music you'd want to listen to during a high stakes, high reward heist....sliding under lasers, using fancy glass cutters to open up the skylight that you bungee jump down into to remove precious jewels from their cases and your heist partner who is sexy as they are deadly helping you take out unsuspecting guards. ",bbb96d678a4e4585b60984d760e05c80,Yes
spotify:track:23Ao6E2tFiKQEXCnuufP8S,Wndrwll,Mouth Silence,Neil Cicierega Archive,6e74e3bbc8e643a0b2ed5c998b8bb5ce,2024-08-30T21:47:02Z,‚ÄúBatshit Crazy Covers and Remixes‚Äù - renditions of songs that push the envelope so far that all you can say is ‚Äúwow‚Äù,bbb96d678a4e4585b60984d760e05c80,Yes
spotify:track:2drtd6SptpMJ1KylMQ7mrE,circle the drain,color theory,Soccer Mommy,bdd60b40c4ca4c78a0cbf518560cd06c,2024-08-31T17:06:26Z,"Theme: Songs that aren't exactly ripoffs but sound so much like another song that you just can't get over it.

Submission: Circle the Drain just sounds too much like High by Feeder (you know, that song from the Can't Hardly Wait soundtrack https://www.youtube.com/watch?v=LYG7jCxrCF4). 
Every time I hear it, I get '90s flashbacks.
",bbb96d678a4e4585b60984d760e05c80,Yes
spotify:track:2K22nUTdyr48JDwI5t906t,Relax,Welcome To The Pleasuredome,Frankie Goes To Hollywood,1dacffd0545140b2970d73e29fe6cf33,2024-08-31T02:10:26Z,"Songs that got more famous because they drove the plot of the movie ""zoolander""",bbb96d678a4e4585b60984d760e05c80,Yes
spotify:track:2YzX6tkixg2Cp0xVha00Th,God Damned,Album,Girls,f4192118aa6049b7bf4aeab8f345d4bf,2024-08-30T23:30:01Z,"Prompt: It sounds like Charles Manson wrote this song, but he didn‚Äôt. 

Comment: Strange chords and lyrics about sexual obsession. The percussive rattlesnake effect at 1:11 gives this song a Spahn Ranch quality. Also, the lead singer, Christopher Owens was raised in The Children of God cult. ",bbb96d678a4e4585b60984d760e05c80,Yes
spotify:track:3790QauBhqoqzibKqFG3Rt,Wild,MODERN FEMALE ROCKSTAR,The Sonder Bombs,d16b02d16f77415da273094af63d462e,2024-08-31T21:55:23Z,"Songs where the lyrics include the title at the very beginning(first ten words or so). Maybe also a rule that it can't be used again after that, but that might be too restrictive.

Anyway Sonder Bombs absolutely rule and you need to be listening to them.",bbb96d678a4e4585b60984d760e05c80,Yes
spotify:track:3wmheeuyJHqbD3ao4cI5d9,Premier Inn,Good Kid 4,Good Kid,fee7e973fd6f45d48299e77843f5cb17,2024-09-01T02:10:26Z,"Round idea: ""Songs about real places""

A really good round idea that I don't think we've done yet, plus it's not something ultra specific like ""Songs about hotels"". Premier Inn is a hotel chain, but the song is about this liminal space that all hotels exist in, not just the Premier Inn. Plus it gives me an excuse to submit Good Kid, which is all I've been listening too lately",bbb96d678a4e4585b60984d760e05c80,Yes
spotify:track:40rTEmuVXHK2aXYWFIl91A,Berlin to Rome,Berlin to Rome,The Last Gang,8be09f03fa73411fbe152872376053d5,2024-08-31T04:17:40Z,"Submit the song that is currently #1 in your ""On Repeat"" playlist. No cheating! ",bbb96d678a4e4585b60984d760e05c80,Yes
spotify:track:4BVE5tIIpYabZcYCbephNW,Touch Me,The Soft Parade,The Doors,375890ae19ed48e6a2255b2692d6b3d8,2024-09-02T00:19:27Z,"You are shadowing during your internship, which happens to involve infiltrating an underground facility containing potentially globally destructive weapons.

Your mentor, the best of the best, has been injured en route to the control room. She made you promise to not mess with anything, and simply plant the device, but then you get there and there‚Äôs a big red button.

The big red button can speak, apparently, what does it say?",bbb96d678a4e4585b60984d760e05c80,Yes
spotify:track:4ThYidN9URLbpQUvOVxkRt,My Body,Too Bright,Perfume Genius,704b79ab3f4b470884593060712e8afd,2024-09-01T18:04:12Z,"The complicated and often exhausting relationship we have with our bodies
Are we taking care of it enough? Is it desirable? How does it feel, how does it look?",bbb96d678a4e4585b60984d760e05c80,Yes
spotify:track:5ka7NFOlZUpVLJmA2tO0o4,Bob Dylan's 115th Dream,Bringing It All Back Home,Bob Dylan,f0210a760ed4406e838b0b2e03fc2a7e,2024-09-01T18:38:00Z,Song With a Blooper/Outtake Included,bbb96d678a4e4585b60984d760e05c80,Yes
spotify:track:7I5xyxOlUC6429zvGe7Ahc,Dance of the Lotus,AAARTH,The Joy Formidable,e305e2cab85b4f929234bfdf98d6c6d0,2024-09-01T00:23:24Z,"ROUND IDEA: Song with a great ""punch the air"" moment

SUBMISSION: A fantastic song by Welsh band The Joy Formidable. I'm a sucker for the section that starts around 2.20, and seems like it's going to be the usual 8 bars leading into the next section, but then delays it with a 9th & 10th bar while the high guitar spirals ever higher, eventually peaking and resolving at 2.48 when the main riff crashes back in. I have knocked household objects over more than once while air-punching to this moment.",bbb96d678a4e4585b60984d760e05c80,Yes
spotify:track:7vFoFDWqTX0mHzLfrF1Cfy,Cheerleader (Felix Jaehn Remix) - Radio Edit,Me 4 U,"OMI, Felix Jaehn",fd4c3b50daf548ffa16be6f215d5b883,2024-09-01T20:11:59Z,"The Super Secret Signal Round: pick a song that you would use to signal to your partner/best friend when you've lost each other at a party and need to find each other. The song needs to be specific enough to you that you know the signal, popular enough that the DJ at the party would play it, but not so popular that it's guaranteed to be played regardless. This song would be mine as it was top of the charts when I met my girlfriend and would play every night we went out those first months",bbb96d678a4e4585b60984d760e05c80,Yes
spotify:track:0q00BGwAHojnuz9PEXUahB,Your Ex Said You Can't Dance,Strictly Platonic.,The Real Zebos,fee7e973fd6f45d48299e77843f5cb17,2024-09-07T02:25:48Z,77.9k monthly listeners. First choice was at 103k üò≠,54b10fa336f748778bdbf7beba87d2a4,Yes
spotify:track:1QdjVSrQg0xOOuIpX4KkYo,Chicka Boom Boom,Ash Gordon II,Ash Gordon,6e74e3bbc8e643a0b2ed5c998b8bb5ce,2024-09-06T18:04:02Z,Ash Gordon has under 3k monthly visitors (criminal!) and this song makes me shake my ass all day and all night long ,54b10fa336f748778bdbf7beba87d2a4,Yes
spotify:track:1XttrkZg4yEkyCM9hSnCqd,"My Leather, My Fur, My Nails",Ordinaire EP,Stepdad,8be09f03fa73411fbe152872376053d5,2024-09-05T18:39:50Z,"25.8k monthly listeners.

Wanted to submit this for ""you've probably never heard of them"" round, but they had too many listeners, even though their only album came out ten years ago. This is their best-known song. It's catchy in a get-stuck-in-your-head kind of way. ",54b10fa336f748778bdbf7beba87d2a4,Yes
spotify:track:3St0CuLCZghaJrT33e7RT5,Sucks To Be You,Hot Show,Prozzak,f0210a760ed4406e838b0b2e03fc2a7e,2024-09-05T19:28:24Z,A Canadian Gorillaz before Gorillaz was a thing. ,54b10fa336f748778bdbf7beba87d2a4,Yes
spotify:track:43c0AYOYxFDalYRvJh7XT6,Back Here Again,Late Night Social,The After Hours,1dacffd0545140b2970d73e29fe6cf33,2024-09-06T15:19:59Z,"5205 monthly listeners, but this song really digs in your brain ",54b10fa336f748778bdbf7beba87d2a4,Yes
spotify:track:4ytfNcKDQfUu7x1HSGXdsb,Oh My God,Oh My God,Tiffany Stringer,bdd60b40c4ca4c78a0cbf518560cd06c,2024-09-05T20:15:44Z,"31,516 monthly listeners

This is the new H-O-T-T-O-G-O",54b10fa336f748778bdbf7beba87d2a4,Yes
spotify:track:4zsDpaFJnc2LsYtzdVs14o,Air,Heavy Metal Flower Petal,Phebe Starr,704b79ab3f4b470884593060712e8afd,2024-09-07T02:58:57Z,This makes me want to dance fast and slow ,54b10fa336f748778bdbf7beba87d2a4,Yes
spotify:track:6Nk7GwP97SFiDmdMCMXLmk,One Way Love,Say What You Mean,John-Allison Weiss,d16b02d16f77415da273094af63d462e,2024-09-06T00:07:04Z,"I fucking love JAW. This is pretty old music at this point and it's in their old voice. This whole album is kind of at various points of balance between indie/pop/rock styles and while honestly this isn't my favorite song on the album I think it's the best at being a pop song.

Of course it still uses what's basically rock instrumentation,  but the overall effect of the song is very much pop through the means of rock imo. The extended harmonized ""yeah""s are a strong demonstration of that",54b10fa336f748778bdbf7beba87d2a4,Yes
spotify:track:7jKqMdcoqniWv4ppxD4rAH,No More Bomb,Straight Ahead (Expanded Edition),The Goldebriars,f4192118aa6049b7bf4aeab8f345d4bf,2024-09-06T05:27:58Z,"1,754 listeners

Early 60s folk pop at its finest. Such a silly catchy song. I  always feel better when I listen to this. ",54b10fa336f748778bdbf7beba87d2a4,Yes
spotify:track:7nooiDjzjE0IAQOTHN4Ql0,Solo Disco,Solo Disco,Kit Major,e305e2cab85b4f929234bfdf98d6c6d0,2024-09-07T00:12:48Z,A big glossy pop song from an artist with 6.7k monthly listeners,54b10fa336f748778bdbf7beba87d2a4,Yes
spotify:track:04IFKvwCnGVIsvV7FGYysk,Mmmbop,Colors,"Scary Pockets, Lucy Schwartz",6e74e3bbc8e643a0b2ed5c998b8bb5ce,2024-09-10T17:57:04Z,Batshit crazy‚Ä¶ yet I think I love it?,121074b866b040688336e73afef36364,Yes
spotify:track:1jMr2mfrwy3EyoBp712kyS,Candy Man,Primus & the Chocolate Factory with the Fungi Ensemble,Primus,f0210a760ed4406e838b0b2e03fc2a7e,2024-09-10T13:35:10Z,From the Wonka film. The band decided to take this into a creepier pasture. ,121074b866b040688336e73afef36364,Yes
spotify:track:2Sg9RIbZUZQctArsynzPoY,If You're Happy and You Know It (Metal Version),If You're Happy and You Know It (Metal Version),Leo,375890ae19ed48e6a2255b2692d6b3d8,2024-09-10T14:53:15Z,If you‚Äôre happy and you know it give me votes,121074b866b040688336e73afef36364,Yes
spotify:track:3fETHlRPoWGI4Qmp3JXXRh,Unwritten,Unwritten,THUMPER,fd4c3b50daf548ffa16be6f215d5b883,2024-09-10T19:36:47Z,Okay so the actual cover itself isn't that batshit but I saw THUMPER as a support act last year and they announced they had just that day released a cover of a song and next thing launched into this and the crowd went fucking bananas. There was such an incredible reaction from the crowd that they played it again after they finished it was truly a batshit fun moment ,121074b866b040688336e73afef36364,Yes
spotify:track:3JVd5QZkMVXN1oSjKYInAN,Gimme! Gimme! Gimme! (A Man After Midnight),AAAH!BBA,Brian David Gilbert,fee7e973fd6f45d48299e77843f5cb17,2024-09-12T02:39:50Z,This Halloween cover album of ABBA songs surprisingly works pretty dang well on top of being a good bit,121074b866b040688336e73afef36364,Yes
spotify:track:3mIjoVyt4h1ECqj2Q5OSxb,Ghost Riders in the Sky,Spike Jones & His City Slickers,Spike Jones & His City Slickers,704b79ab3f4b470884593060712e8afd,2024-09-12T02:45:39Z,Heavy on the batshit. Especially like the instrumentation around the 2 minute mark ,121074b866b040688336e73afef36364,Yes
spotify:track:3yM0MhRssXgTB52QPuqNyj,Fitter Happier,Radiodread,"Easy Star All-Stars, Menny Moore",e305e2cab85b4f929234bfdf98d6c6d0,2024-09-11T22:31:04Z,"From an all-reggae cover album of Radiohead's OK Computer. Covering a song that was originally performed by a synthesized voice on a 90's Macintosh computer is an interesting choice already, but tweaking almost all the lyrics as well is pleasingly blasphemous.",121074b866b040688336e73afef36364,Yes
spotify:track:4ZkCrGCUBuMvyhbYB6SqNC,Sweet Caroline,Open Your Eyes,"David Hasselhoff, Ministry",bdd60b40c4ca4c78a0cbf518560cd06c,2024-09-10T14:59:17Z,"Yep, that's Sweet Caroline covered by Baywatch star David Hasselhoff and industrial metal legends Ministry. You're welcome.",121074b866b040688336e73afef36364,Yes
spotify:track:5FzsOkPOYr13hhg2HvWM77,Welcome To (Amish) Paradise,You Can't Call Me Al,Jonah Ray,1dacffd0545140b2970d73e29fe6cf33,2024-09-11T17:28:05Z,I know what I've done,121074b866b040688336e73afef36364,Yes
spotify:track:6ZIy5xSXXemPAESvfw2p3f,Cum On Feel The Noize,Glee,Bran Van 3000,f4192118aa6049b7bf4aeab8f345d4bf,2024-09-11T23:18:18Z,"Went from a fun, but corny 80s hair metal song to a fun and sexy multi-genre 90s song.  ",121074b866b040688336e73afef36364,Yes
spotify:track:7DTY2W3mt43AAXKn8EeUMz,"This Ain't A Scene, It's An Arms Race - Kanye West Remix (Explicit Main Verson)","This Ain't A Scene, It's An Arms Race [Kanye West Remix (Explicit Main Verson)]","Fall Out Boy, Kanye West",d16b02d16f77415da273094af63d462e,2024-09-11T01:51:33Z,"Listen I don't want to have a Kanye argument but I will fully acknowledge that it's still my fault if a Kanye argument happens.

This was a really odd choice to remix. The beat under the Stump vocals is actually really fucking good and I love the overall effect, but the added verse, in addition to not especially needing to exist, is just so goddamn goofy. Also, this remix indirectly taught me that Pete Wentz is biracial",121074b866b040688336e73afef36364,Yes
spotify:track:7vfrdYsRkFvF5WYNl0F0zP,Rhiannon,Dirty Sanchez,Zeke,8be09f03fa73411fbe152872376053d5,2024-09-12T01:41:06Z,It's like they were trying to find a fan base that would be most disappointed to hear the new version. And they nailed it. This is what plays in hell if you were a Fleetwood Mac fan.,121074b866b040688336e73afef36364,Yes
spotify:track:1G4OYxRhzUFxORUiNmq5ZA,I'm My Own Grandpa,Rainbow Connection,Willie Nelson,f4192118aa6049b7bf4aeab8f345d4bf,2024-09-17T17:41:10Z,,c177eead454849748f88bdb389b840f8,Yes
spotify:track:1LEW88SD6kkdTwIA3P0fQA,My Dog Ate My Dope,Counter Culture‚Äã-‚Äãshock! (Remastered) [Deluxe Edition],Andy Warpigs,d16b02d16f77415da273094af63d462e,2024-09-17T22:54:02Z,If you can name a second song about a dog stealing weed and becoming a stoner I need very much to hear about it,c177eead454849748f88bdb389b840f8,Yes
spotify:track:38X6g3ss3eyfo1LqZ5MI8O,Jean Grey,Jean Grey,Tunde Olaniran,e305e2cab85b4f929234bfdf98d6c6d0,2024-09-17T01:28:31Z,"A song about the X-Men character Jean Grey. 

(It's not one of those songs that doesn't actually reference the title - by the third verse (1.56) it's getting into quite geeky levels of detail).",c177eead454849748f88bdb389b840f8,Yes
spotify:track:3VMzQ4rh7FtfSuyjHIcuZR,Shia LaBeouf Live,Shia LaBeouf Live,Rob Cantor,375890ae19ed48e6a2255b2692d6b3d8,2024-09-17T05:42:02Z,It happens to all of us one day,c177eead454849748f88bdb389b840f8,Yes
spotify:track:42tYHqMxXxXHAAWqLaoOfQ,MacArthur Park - Single Version,On The Radio: Greatest Hits Volumes I & II,Donna Summer,fd4c3b50daf548ffa16be6f215d5b883,2024-09-17T06:33:29Z,,c177eead454849748f88bdb389b840f8,Yes
spotify:track:546suQTzxF3CjED8AmkP54,Olivia,Olivia,Wolves of Glendale,704b79ab3f4b470884593060712e8afd,2024-09-18T01:02:18Z,Ghost gf,c177eead454849748f88bdb389b840f8,Yes
spotify:track:5Y9U77BbkJN9yExB8NX8uX,Crunchy Granola Suite - Single Version,Stones,Neil Diamond,6e74e3bbc8e643a0b2ed5c998b8bb5ce,2024-09-17T19:23:24Z,‚ÄúCrunchy Granola is neat‚Äù - Neil Diamond (short on song subject matter ideas),c177eead454849748f88bdb389b840f8,Yes
spotify:track:6N0iywQuqCluRkE6F7WqGg,I Like Birds,Daisies Of The Galaxy,Eels,1dacffd0545140b2970d73e29fe6cf33,2024-09-17T22:09:01Z,There should be more songs about birds and the liking of them,c177eead454849748f88bdb389b840f8,Yes
spotify:track:7AE0NKbt0BemBF8wuC2uCG,Vats of Urine,THE MOUSE & THE MASK,"DANGERDOOM, MF DOOM, Danger Mouse",f0210a760ed4406e838b0b2e03fc2a7e,2024-09-16T13:40:28Z,Just a slamming track about pee.,c177eead454849748f88bdb389b840f8,Yes
spotify:track:7wXPymdFwPwxd6pwt267Tx,Detachable Penis,Happy Hour,King Missile,bdd60b40c4ca4c78a0cbf518560cd06c,2024-09-17T14:55:14Z,"sure, there are plenty of songs about a regular ol' attached penis. But it's pretty unusual to find one about the detachable kind.",c177eead454849748f88bdb389b840f8,Yes
spotify:track:00dIhpeebdrRaWuWYKd2xU,Sick Of It All,Sing Sing Death House,The Distillers,8be09f03fa73411fbe152872376053d5,2024-09-21T16:39:49Z,"At least one of the Distillers' songs has been in my On Repeat every time I've opened it for years. They have better songs, but sometimes the algorithm becomes a self-fulfilling prophecy by playing you the same songs over and over and then claiming they're your favorites. But also I love the Distillers, and my dog Brody is named after Brody Dalle.

(Please don't mistake the lyrics as promoting school violence. This song is about how punk music is the best outlet for rage.)",c153cb4fc9844588b5e5ad39777ac3ff,Yes
spotify:track:0Ra5ft6Kglt3kjxbcZOtWz,This Rainy Decade,Midnight Cleaners,The Cleaners From Venus,f4192118aa6049b7bf4aeab8f345d4bf,2024-09-20T17:01:15Z,Looks like Music league has had a huge impact on my repeat playlist. I‚Äôm in another league at the moment this was the last song I picked. ,c153cb4fc9844588b5e5ad39777ac3ff,Yes
spotify:track:141alNiSd9vG4Lb22BLHWM,What's Up?,Sweet Tooth,Mom Jeans.,375890ae19ed48e6a2255b2692d6b3d8,2024-09-20T16:32:47Z,"Well that could have been much worse. This is a result of me getting back into running, I need songs that yell at me the entire time",c153cb4fc9844588b5e5ad39777ac3ff,Yes
spotify:track:1Fvf8AO4GWwjLU12Im0s0q,Bang The Doldrums,Infinity On High,Fall Out Boy,3ceb8b04eb6f49139ce22d7c27a71e41,2024-09-21T22:27:09Z,Sometimes you listen to Fall Out Boy's Infinity On High and nothing else for like a month ,c153cb4fc9844588b5e5ad39777ac3ff,Yes
spotify:track:1hgb3hxKtCpX4tI0hrP46K,Nomu,Nomu,Good Kid,fee7e973fd6f45d48299e77843f5cb17,2024-09-20T23:00:38Z,"Look ma, another reason to submit Good Kid!",c153cb4fc9844588b5e5ad39777ac3ff,Yes
spotify:track:1QzdUCuGse7e2o7oxBHJR6,Bad Time,"Blood, Hair, And Eyeballs",Alkaline Trio,1dacffd0545140b2970d73e29fe6cf33,2024-09-20T16:41:21Z,"Knowing the rest of my on repeat history, this could have been a whole lot worse for you guys",c153cb4fc9844588b5e5ad39777ac3ff,Yes
spotify:track:1XjHRolIXL2M1EEOUsGGR4,cowboy like me,evermore,Taylor Swift,fd4c3b50daf548ffa16be6f215d5b883,2024-09-21T13:36:58Z,"Well... at least you know I'm not cheating. Also, this is a great song so at least give it a try before bullying me pls",c153cb4fc9844588b5e5ad39777ac3ff,Yes
spotify:track:3QbnPNy7sT9B1w9cHz7GZa,How To Fix Everything,Sirens And Condolences,Bayside,d16b02d16f77415da273094af63d462e,2024-09-20T20:17:47Z,I am deeply not okay lately,c153cb4fc9844588b5e5ad39777ac3ff,Yes
spotify:track:4rgBVXhcSR7w04gA7LX4Kl,Sentiment,"Raw Tomato, My Heart",Babel Map,e305e2cab85b4f929234bfdf98d6c6d0,2024-09-22T00:10:00Z,"Someone (James?) submitted a song by this band for a ""You Probably Haven't Heard Of Them"" round like a year ago, and I think they're my favorite ever discovery from Music League. I like tracks 1 and 2 from this album the best, but apparently this song came out top for recent listens (presumably because I shuffle a lot).",c153cb4fc9844588b5e5ad39777ac3ff,Yes
spotify:track:5Eh1nj7IjV9lwpcKAkidyY,One Of Your Girls,Something To Give Each Other,Troye Sivan,704b79ab3f4b470884593060712e8afd,2024-09-22T01:29:45Z,I‚Äôve been listening to this on my morning commute a lot. THIS is pop perfection to me,c153cb4fc9844588b5e5ad39777ac3ff,Yes
spotify:track:6PsqixVNSE6N4WamoMFISK,Alaska,11:11,Pinegrove,bdd60b40c4ca4c78a0cbf518560cd06c,2024-09-20T14:50:19Z,"I am aware of their 'controversy' section (and the follow-up and resolution).

But it says no cheating and this is indeed the top of my ‚ÄúOn Repeat‚Äù  playlist right now. I cannot tell a lie.
",c153cb4fc9844588b5e5ad39777ac3ff,Yes
spotify:track:6YX75Ps2XsWn9dOzwbqmNV,This Is Your Night,This Is Your Night,Amber,6e74e3bbc8e643a0b2ed5c998b8bb5ce,2024-09-20T17:47:05Z,Number one with a bullet ,c153cb4fc9844588b5e5ad39777ac3ff,Yes
spotify:track:7ywlnXV5O0h8T5pCRUN1f5,"What‚Äôs The Frequency, Kenneth? - Remastered 2013",Monster (25th Anniversary Edition),R.E.M.,f0210a760ed4406e838b0b2e03fc2a7e,2024-09-20T16:45:04Z,I know it‚Äôs a straight up hit. But I love it so much.,c153cb4fc9844588b5e5ad39777ac3ff,Yes
spotify:track:0ciHz919LVKoH4zgxyMPZ9,I Knew You Were Trouble.,Red (Deluxe Edition),Taylor Swift,375890ae19ed48e6a2255b2692d6b3d8,2024-09-26T00:09:20Z,"By no means a terrible tune but ever since someone showed me this (https://youtu.be/-aLYvZ5sX28?si=OikEyQtIma7fuv7C) I cannot take it seriously. 

Played at a bar recently and made my gf scream along with me",1612c9deff884e1f8c6cd1997dc2901e,Yes
spotify:track:0fB77VOZ2FkQeKLv1DuEwp,hope is a dangerous thing for a woman like me to have - but I have it,Norman Fucking Rockwell!,Lana Del Rey,704b79ab3f4b470884593060712e8afd,2024-09-26T02:58:49Z,"If this isn‚Äôt ridiculous, I don‚Äôt know what is. It‚Äôs so goddamn self-indulgent, but also somewhat self-aware of that, but still being genuine about it. And then at the end saying she has hope despite it all as if it‚Äôs a mic drop she can overcome her own perspective

‚Äú24/7 Sylvia Plath‚Äù is just so funny and maybe we‚Äôve all been there in our own way. Also a tumblr bio waiting to happen, or has happened 

But I still like the song?",1612c9deff884e1f8c6cd1997dc2901e,Yes
spotify:track:1mwCSKK0YRDsgnj2VwyZSU,Butterfly Kisses,Simply Bob Carlisle,Bob Carlisle,f4192118aa6049b7bf4aeab8f345d4bf,2024-09-25T07:07:41Z,Easy üéØ on many levels  ,1612c9deff884e1f8c6cd1997dc2901e,Yes
spotify:track:1qvDt6W8oaTO9Q4pFNMFEm,Morning Train (Nine to Five) - Edit,Take My Time,Sheena Easton,fd4c3b50daf548ffa16be6f215d5b883,2024-09-25T17:32:35Z,"The story in this song is hilarious like this woman does nothing but sit idle like a sim while her other half lives life going to work getting trains to and from her, it is ridiculously mundane. And yet an absolute banger at the same time",1612c9deff884e1f8c6cd1997dc2901e,Yes
spotify:track:1SShxVVBeZBCY7WddnksPz,Gypsy Woman (She's Homeless) (La Da Dee La Da Da) - Basement Boy Strip To The Bone Mix,Surprise,"Crystal Waters, The Basement Boys",6e74e3bbc8e643a0b2ed5c998b8bb5ce,2024-09-25T18:22:38Z,I love this song and its ridiculous elements - the lyrics! The repetition of the chorus! The length of the song! The name of the song (she‚Äôs homeless)! The upbeat nature of the depressing subject material! To me this song is just PERFECT,1612c9deff884e1f8c6cd1997dc2901e,Yes
spotify:track:3bs64LgjoDtp0jurDzfCxy,Knights of Malta,"SHINY AND OH SO BRIGHT, VOL. 1 / LP: NO PAST. NO FUTURE. NO SUN.",The Smashing Pumpkins,f0210a760ed4406e838b0b2e03fc2a7e,2024-09-25T02:01:25Z,"Full disclosure, I love SP. even the latter-era stuff. This song grew on me, but Jesus Christ, the ‚Äúwah-wah-wah‚Äù from Corgan makes me gag. Like they all heard this song and said ‚Äúyeah, sounds great! Love it!‚Äù Good god. I can‚Äôt.",1612c9deff884e1f8c6cd1997dc2901e,Yes
spotify:track:40rvBMQizxkIqnjPdEWY1v,Down with the Sickness,The Sickness,Disturbed,8be09f03fa73411fbe152872376053d5,2024-09-26T01:55:13Z,"Every time somebody brings up this song, I remind them about the bizarre ""don't hit me, mommy, I'll be a good boy"" rant that starts around 3:30. What the fuck was up with that? ",1612c9deff884e1f8c6cd1997dc2901e,Yes
spotify:track:4LJhJ6DQS7NwE7UKtvcM52,What's My Age Again?,Enema Of The State,blink-182,d16b02d16f77415da273094af63d462e,2024-09-25T21:22:21Z,"My visceral hatred of Blink is mostly a joke but this song is both funny and genuinely awful imo.

It plays like it was recorded after the entire band donated blood and took a couple Benadryl. I've put more energy into music while bedridden and that's not an exaggeration. It's crazy that people called this pop punk when the most punk thing about it is how it sounds like Lou Reed 30 seconds after getting to his hotel

That said I did get a birthday cake that said ""nobody likes you when you're 23""",1612c9deff884e1f8c6cd1997dc2901e,Yes
spotify:track:5DH7nDryMhpixm4G4B7RP9,The Longest Time,An Innocent Man,Billy Joel,1dacffd0545140b2970d73e29fe6cf33,2024-09-25T22:55:38Z,I was driving home hungover with two friends from a folk punk festival in Pittsburgh (as you do) and this song was the first thing that came on my one friend's Spotify shuffle. He asked me to change it since he was the one driving and I just put on this same song again. Within a minute all three of us were bobbing our heads back and forth like a dop wop group and laughing even as we sang along. ,1612c9deff884e1f8c6cd1997dc2901e,Yes
spotify:track:5gOd6zDC8vhlYjqbQdJVWP,Baker Street,City to City,Gerry Rafferty,bdd60b40c4ca4c78a0cbf518560cd06c,2024-09-25T13:07:50Z,"On top of the ridiculous sax solo, that needs no story to make fun of, I love making fun of my father-in-law for this: He got this album through a Columbia House subscription. His roommate wanted it, so he agreed to sell it for $1. That was too steep for the roommate, so they agreed to two installments of 50 cents. TLDR; his roommate never paid.

So it's important to make sure this song ""randomly"" plays as he enters any room... and then bring up how much interest he's owed on that $1 from 1978.",1612c9deff884e1f8c6cd1997dc2901e,Yes
spotify:track:7wYEKgq90YmyR5NnVsO4tm,Master and Servant,The Singles 81-85,Depeche Mode,e305e2cab85b4f929234bfdf98d6c6d0,2024-09-25T22:53:17Z,"Mid-80's Depeche Mode really hits the sweet spot for me between silly and brilliant, as well as being half way between the really poppy ""Just Can't Get Enough"" beginnings and the stadium-sized stuff to come. So, kind of industrial, but a bit rinky-dink at the same time. From the silly high-low intro to all the on-the-nose BDSM stuff (no song should ever need to use the phrase ""it's a lot like life""), this is a deliciously bonkers confection that I will gobble right up, yum yum.",1612c9deff884e1f8c6cd1997dc2901e,Yes
spotify:track:1Mb8WgET5ozEtG0zlibyUy,Timber,Global Warming: Meltdown,"Pitbull, Kesha",8be09f03fa73411fbe152872376053d5,2024-10-03T00:40:52Z,,3b9df9a428f646bb8950663a4027957f,Yes
spotify:track:1ot6jEe4w4hYnsOPjd3xKQ,I'm So Excited,So Excited! (Expanded Edition),The Pointer Sisters,fd4c3b50daf548ffa16be6f215d5b883,2024-10-01T18:30:45Z,The lyrics of this song very nicely lend themselves to what could be a fantastic frenzy of violence from the character who has all this pent up rage throughout the movie that is finally released in an ulitmate rampage of glorious destruction. I'm about to lose control and I think I like it indeed!,3b9df9a428f646bb8950663a4027957f,Yes
spotify:track:2EWWQ2Qf4WMQ5U5zHZNjFb,F.U.U.,Dream Wife,"Dream Wife, Fever Dream",e305e2cab85b4f929234bfdf98d6c6d0,2024-10-02T22:05:28Z,"Fighty vibes for sure, but certainly upbeat. Going 100% ironically inappropriate for a movie fight scene is pretty insufferable, so this felt like a good fit and something I'd actually want to watch.",3b9df9a428f646bb8950663a4027957f,Yes
spotify:track:2gFMgqvKcygf8CavNyR131,"Hi, I'm a Slut",Lil Mariko,Lil Mariko,704b79ab3f4b470884593060712e8afd,2024-10-03T02:31:18Z,"I don‚Äôt have a long rationale, I just feel it in my bones ",3b9df9a428f646bb8950663a4027957f,Yes
spotify:track:36iHMTOAr9S4y0WvuWQtvm,Go For Soda,Akimbo Alogo,Kim Mitchell,f0210a760ed4406e838b0b2e03fc2a7e,2024-09-30T18:38:48Z,"Canadian legend. This would be very inappropriate for a bar fight, particularly given the message. ",3b9df9a428f646bb8950663a4027957f,Yes
spotify:track:3oyc1mIdCBGaU55wX7otqM,Pump It Up - 2021 Remaster,This Year's Model (2021 Remaster),Elvis Costello & The Attractions,bdd60b40c4ca4c78a0cbf518560cd06c,2024-10-02T13:25:38Z,"To my knowledge, this hasn't been used for a fight scene in a popular movie yet, but I think it could dance that line perfectly. 

The 'Pump it up' chorus definitely works for a fight, but it's upbeat enough to land in that uncanny valley‚Äîkind of like singing 'Stuck in the Middle with You' into a severed ear.",3b9df9a428f646bb8950663a4027957f,Yes
spotify:track:63yjXQBoVXuN3ePTXmNxBQ,Foreign Object,Beat the Champ,The Mountain Goats,d16b02d16f77415da273094af63d462e,2024-10-01T17:17:10Z,This one is actually *about* a fairly gruesome fight scene. Your call whether that makes it better or just too obvious,3b9df9a428f646bb8950663a4027957f,Yes
spotify:track:689vEbKL2tIspFwZhIp3yx,California Sun,Go Girl Crazy!,The Dictators,1dacffd0545140b2970d73e29fe6cf33,2024-09-30T15:27:40Z,This feels like a song that an Edgar Wright movie would have playing over a fight scene shown through one long continuous camera shot,3b9df9a428f646bb8950663a4027957f,Yes
spotify:track:6NosySWwM5j7uttw3olHDx,Gummi Bears Theme,The Disney Afternoon,The Disney Afternoon Studio Chorus,6e74e3bbc8e643a0b2ed5c998b8bb5ce,2024-09-30T20:48:17Z,What if this song had been featured on Stevan Seagal‚Äôs ‚ÄúUnder Siege‚Äù soundtrack? What would THAT be like? Can you even imagine ,3b9df9a428f646bb8950663a4027957f,Yes
spotify:track:7l3kYZIfTIpgthYcekjv4k,Skullcrusher Mountain,JoCo Looks Back,Jonathan Coulton,375890ae19ed48e6a2255b2692d6b3d8,2024-09-30T15:54:01Z,"Ok you didn‚Äôt actually specify whether this fight was a physical, romantic, or mental one. I‚Äôd like to think this song encapsulates all the above

It‚Äôs an undeniably upbeat love story about a man who is truly trying his hardest to please a woman (hostage) who doesn‚Äôt appreciate his work, and whether he should murder her. Also there are wolves. ",3b9df9a428f646bb8950663a4027957f,Yes
spotify:track:1isaW6j0TaDkb8CE03Eiia,Old Ladies,Maple Syrup,Chick Boyd,f4192118aa6049b7bf4aeab8f345d4bf,2024-10-06T08:23:13Z,"962 Monthly Listeners

The ultimate outsider artist

Scroll through this man‚Äôs discography. It looks like he self-released an album every week in 2023. 

Not sure if he is mentally ill, on drugs or both, but I admire his prolificness. 

The lyrics may be crass and gratuitous,  but he seems so damn earnest so it almost feels wholesome, and the song has a positive message. ",ff9c8f7941c54ed0bc60ef87cfcc5031,Yes
spotify:track:1m4trVbwpuia6Ktcr5SkJL,Our Love Will Make the World Go Round,Planets Conspire,The Meligrove Band,f0210a760ed4406e838b0b2e03fc2a7e,2024-10-06T03:15:24Z,"525 listeners.In my early days of sketch comedy in Toronto (early 2000s) I became friends with several bands. I loved this particular band. Really good pop rock sensibilities. They‚Äôre no longer together. Miss those old days. As a bonus, check out Woodhands. I was torn between the two. This song is criminally underrated.",ff9c8f7941c54ed0bc60ef87cfcc5031,Yes
spotify:track:1O7iX2v4c7u3havAzbEAwh,Smoking Room,Self-Titled,Driving on Suspended,d16b02d16f77415da273094af63d462e,2024-10-08T02:38:02Z,I just think they're neat,ff9c8f7941c54ed0bc60ef87cfcc5031,Yes
spotify:track:1w9kp5SBbYGSYyMJwHxkYQ,My Mind Is A Box - Crispy Version,Scarlet Starlet,The Alphabet,704b79ab3f4b470884593060712e8afd,2024-10-08T02:59:08Z,266 monthly listeners ,ff9c8f7941c54ed0bc60ef87cfcc5031,Yes
spotify:track:2knIdH6gLKBgr0MIerFTkJ,Rich Backgrounds,Rich Backgrounds,Annabel Allum,fd4c3b50daf548ffa16be6f215d5b883,2024-10-07T21:35:03Z,,ff9c8f7941c54ed0bc60ef87cfcc5031,Yes
spotify:track:3DrMtKWTrivQSkk7sYElpC,Love Without Wanting,Love Without Wanting,Babelord,6e74e3bbc8e643a0b2ed5c998b8bb5ce,2024-10-05T22:29:50Z,At the time of this submission Babelord has only 33 monthly listeners! What the FUCK??? This song slaps and so does their other stuff. Give all the tunes a listen you‚Äôll like what you find üíú,ff9c8f7941c54ed0bc60ef87cfcc5031,Yes
spotify:track:4s5Bccwd4xZnDIY4XPZI8e,Nothing,Nothing,Laughter,e305e2cab85b4f929234bfdf98d6c6d0,2024-10-07T22:21:19Z,"A newish band from London, 314 monthly listeners.

I managed to get them into the Hard Times ""Six Songs We Listened To this Week...."" column a couple of months ago, with the effect that that they gained a bunch of listeners and became ineligible for last season's ""You probably haven't heard of them"" round 10. Hoisted by my own petard! 

But they've now faded back into obscurity, which as a fan I am sad about, but as a Music League-er I am willing to exploit (I'm sure it's what they'd want). ",ff9c8f7941c54ed0bc60ef87cfcc5031,Yes
spotify:track:52YmoAnhpcIhhx7E0mzO53,Scenic Overlook,The Blandinas,The Blandinas,1dacffd0545140b2970d73e29fe6cf33,2024-10-06T20:41:09Z,1 monthly listener,ff9c8f7941c54ed0bc60ef87cfcc5031,Yes
spotify:track:5CuQjxuJKNcZPYSJUYnURR,The Journalist,The Journalist,HEADCHECK,bdd60b40c4ca4c78a0cbf518560cd06c,2024-10-07T20:52:49Z,557 monthly listeners,ff9c8f7941c54ed0bc60ef87cfcc5031,Yes
spotify:track:5NpHU8iMXAJwWNg8QnRbLw,Come Out Ye Black & Tans,The Dram & the Fray,Knacker's Yard,375890ae19ed48e6a2255b2692d6b3d8,2024-10-07T23:38:28Z,"My DC friends love doing karaoke sessions where we sing anti-English songs that no one else knows. I am also loosely aware of / related to this band through a study abroad trip in college.

I might be banned in a few Irish pubs. There‚Äôs a whole convoluted tale there but hey if you wanted a niche Irish outfit that does killer IRA ballad covers, you now have one. You‚Äôre welcome.",ff9c8f7941c54ed0bc60ef87cfcc5031,Yes
