Spotify URI,Voter ID,Created,Points Assigned,Comment,Round ID
spotify:track:1g1NBeyibyCJMgSfsjuyfS,9885fc6ccffc4dd198f2ba810d533ea6,2025-09-18T15:36:26Z,3,,0a9dac759c584cc4810c6697db05d118
spotify:track:0ZfZaT7NByalxa6bct5G67,9885fc6ccffc4dd198f2ba810d533ea6,2025-09-18T15:36:26Z,3,,0a9dac759c584cc4810c6697db05d118
spotify:track:0Qf280hQZTsB5qQVX7T0bl,9885fc6ccffc4dd198f2ba810d533ea6,2025-09-18T15:36:26Z,4,,0a9dac759c584cc4810c6697db05d118
spotify:track:7jKc7fA6asnMoc8BS7ebj2,9885fc6ccffc4dd198f2ba810d533ea6,2025-09-18T15:36:26Z,2,,0a9dac759c584cc4810c6697db05d118
spotify:track:6Jub05dvpbF4Im83NqMCUg,9885fc6ccffc4dd198f2ba810d533ea6,2025-09-18T15:36:26Z,4,,0a9dac759c584cc4810c6697db05d118
spotify:track:5qOAIBSLC62Fq5QsTz7f73,9885fc6ccffc4dd198f2ba810d533ea6,2025-09-18T15:36:26Z,3,,0a9dac759c584cc4810c6697db05d118
spotify:track:5l5qXM8M1BRBy9m8jZSe2t,9885fc6ccffc4dd198f2ba810d533ea6,2025-09-18T15:36:26Z,1,"This isn’t really that cheerful, tho.",0a9dac759c584cc4810c6697db05d118
spotify:track:500h8jAdr7LvzzXlm1qxtK,9885fc6ccffc4dd198f2ba810d533ea6,2025-09-18T15:36:26Z,5,Somehow the Ozempic connection makes it work more,0a9dac759c584cc4810c6697db05d118
spotify:track:47gmoUrZV3w20JAnQOZMcO,9885fc6ccffc4dd198f2ba810d533ea6,2025-09-18T15:36:26Z,3,,0a9dac759c584cc4810c6697db05d118
spotify:track:31wbrGVQNygonRurnDrNF0,9885fc6ccffc4dd198f2ba810d533ea6,2025-09-18T15:36:26Z,2,,0a9dac759c584cc4810c6697db05d118
spotify:track:5qOAIBSLC62Fq5QsTz7f73,2ec875e45c3449718c71af2281043ff5,2025-09-19T03:03:45Z,3,,0a9dac759c584cc4810c6697db05d118
spotify:track:6Jub05dvpbF4Im83NqMCUg,2ec875e45c3449718c71af2281043ff5,2025-09-19T03:03:45Z,4,,0a9dac759c584cc4810c6697db05d118
spotify:track:7jKc7fA6asnMoc8BS7ebj2,2ec875e45c3449718c71af2281043ff5,2025-09-19T03:03:45Z,6,,0a9dac759c584cc4810c6697db05d118
spotify:track:0Qf280hQZTsB5qQVX7T0bl,2ec875e45c3449718c71af2281043ff5,2025-09-19T03:03:45Z,5,,0a9dac759c584cc4810c6697db05d118
spotify:track:0ZfZaT7NByalxa6bct5G67,2ec875e45c3449718c71af2281043ff5,2025-09-19T03:03:45Z,3,,0a9dac759c584cc4810c6697db05d118
spotify:track:1g1NBeyibyCJMgSfsjuyfS,2ec875e45c3449718c71af2281043ff5,2025-09-19T03:03:45Z,2,,0a9dac759c584cc4810c6697db05d118
spotify:track:31wbrGVQNygonRurnDrNF0,2ec875e45c3449718c71af2281043ff5,2025-09-19T03:03:45Z,1,,0a9dac759c584cc4810c6697db05d118
spotify:track:47gmoUrZV3w20JAnQOZMcO,2ec875e45c3449718c71af2281043ff5,2025-09-19T03:03:45Z,2,,0a9dac759c584cc4810c6697db05d118
spotify:track:500h8jAdr7LvzzXlm1qxtK,2ec875e45c3449718c71af2281043ff5,2025-09-19T03:03:45Z,2,,0a9dac759c584cc4810c6697db05d118
spotify:track:5le4sn0iMcnKU56bdmNzso,2ec875e45c3449718c71af2281043ff5,2025-09-19T03:03:45Z,2,,0a9dac759c584cc4810c6697db05d118
spotify:track:31wbrGVQNygonRurnDrNF0,8488014f1ae545f5b57a9e641f9b1ace,2025-09-19T05:18:25Z,0,Not upbeat enough for me personally ,0a9dac759c584cc4810c6697db05d118
spotify:track:1g1NBeyibyCJMgSfsjuyfS,8488014f1ae545f5b57a9e641f9b1ace,2025-09-19T05:18:25Z,3,,0a9dac759c584cc4810c6697db05d118
spotify:track:0Qf280hQZTsB5qQVX7T0bl,8488014f1ae545f5b57a9e641f9b1ace,2025-09-19T05:18:25Z,2,Love TMBG. I never realized before how much this reminds me of Dead Milkmen doing reggae ,0a9dac759c584cc4810c6697db05d118
spotify:track:7jKc7fA6asnMoc8BS7ebj2,8488014f1ae545f5b57a9e641f9b1ace,2025-09-19T05:18:25Z,3,,0a9dac759c584cc4810c6697db05d118
spotify:track:6Jub05dvpbF4Im83NqMCUg,8488014f1ae545f5b57a9e641f9b1ace,2025-09-19T05:18:25Z,7,Holy shit CORRECT,0a9dac759c584cc4810c6697db05d118
spotify:track:5qOAIBSLC62Fq5QsTz7f73,8488014f1ae545f5b57a9e641f9b1ace,2025-09-19T05:18:25Z,2,,0a9dac759c584cc4810c6697db05d118
spotify:track:5le4sn0iMcnKU56bdmNzso,8488014f1ae545f5b57a9e641f9b1ace,2025-09-19T05:18:25Z,2,"Close, but needs a little more edge, and a little less smooth ",0a9dac759c584cc4810c6697db05d118
spotify:track:5l5qXM8M1BRBy9m8jZSe2t,8488014f1ae545f5b57a9e641f9b1ace,2025-09-19T05:18:25Z,2,Want to give it more points but just not upbeat enough for me ,0a9dac759c584cc4810c6697db05d118
spotify:track:500h8jAdr7LvzzXlm1qxtK,8488014f1ae545f5b57a9e641f9b1ace,2025-09-19T05:18:25Z,5,,0a9dac759c584cc4810c6697db05d118
spotify:track:47gmoUrZV3w20JAnQOZMcO,8488014f1ae545f5b57a9e641f9b1ace,2025-09-19T05:18:25Z,4,"I think if Tarantino was ten years younger, this definitely would have happened. Or maybe if he had directed True Romance himself ",0a9dac759c584cc4810c6697db05d118
spotify:track:5l5qXM8M1BRBy9m8jZSe2t,58386a2a504f4fd08caed77112bedc82,2025-09-19T05:52:11Z,1,,0a9dac759c584cc4810c6697db05d118
spotify:track:5le4sn0iMcnKU56bdmNzso,58386a2a504f4fd08caed77112bedc82,2025-09-19T05:52:11Z,5,,0a9dac759c584cc4810c6697db05d118
spotify:track:5qOAIBSLC62Fq5QsTz7f73,58386a2a504f4fd08caed77112bedc82,2025-09-19T05:52:11Z,5,,0a9dac759c584cc4810c6697db05d118
spotify:track:0Qf280hQZTsB5qQVX7T0bl,58386a2a504f4fd08caed77112bedc82,2025-09-19T05:52:11Z,1,,0a9dac759c584cc4810c6697db05d118
spotify:track:6Jub05dvpbF4Im83NqMCUg,58386a2a504f4fd08caed77112bedc82,2025-09-19T05:52:11Z,1,,0a9dac759c584cc4810c6697db05d118
spotify:track:7jKc7fA6asnMoc8BS7ebj2,58386a2a504f4fd08caed77112bedc82,2025-09-19T05:52:11Z,5,,0a9dac759c584cc4810c6697db05d118
spotify:track:0ZfZaT7NByalxa6bct5G67,58386a2a504f4fd08caed77112bedc82,2025-09-19T05:52:11Z,5,,0a9dac759c584cc4810c6697db05d118
spotify:track:1g1NBeyibyCJMgSfsjuyfS,58386a2a504f4fd08caed77112bedc82,2025-09-19T05:52:11Z,1,,0a9dac759c584cc4810c6697db05d118
spotify:track:31wbrGVQNygonRurnDrNF0,58386a2a504f4fd08caed77112bedc82,2025-09-19T05:52:11Z,1,,0a9dac759c584cc4810c6697db05d118
spotify:track:500h8jAdr7LvzzXlm1qxtK,58386a2a504f4fd08caed77112bedc82,2025-09-19T05:52:11Z,5,,0a9dac759c584cc4810c6697db05d118
spotify:track:1g1NBeyibyCJMgSfsjuyfS,fd4c3b50daf548ffa16be6f215d5b883,2025-09-19T07:11:20Z,5,"This song is SO great but I would have loved you to give us more of the visual here! The band is called Sleigh Bells - it could have been Slay Bells, the all female assassin movie set at Christmas to act as a yearly contender against Die Hard",0a9dac759c584cc4810c6697db05d118
spotify:track:0Qf280hQZTsB5qQVX7T0bl,fd4c3b50daf548ffa16be6f215d5b883,2025-09-19T07:11:20Z,5,"I think this could really work but I would have liked to hear more about your vision.  Upon listen immediately my gf said this could be over an all muppet remake of Reservoir Dogs where Tim Roth is still a human. Boom, you're welcome.",0a9dac759c584cc4810c6697db05d118
spotify:track:0ZfZaT7NByalxa6bct5G67,fd4c3b50daf548ffa16be6f215d5b883,2025-09-19T07:11:20Z,9,This feels like the best John Wick movie ever made. absolutely fantastic choice. I love everything about this,0a9dac759c584cc4810c6697db05d118
spotify:track:31wbrGVQNygonRurnDrNF0,fd4c3b50daf548ffa16be6f215d5b883,2025-09-19T07:11:20Z,0,"No comment??? And I don't feel this is the right vibe for what we're looking for, I can see what you were going for  but unfortunately the only movie I see this in is Juno",0a9dac759c584cc4810c6697db05d118
spotify:track:47gmoUrZV3w20JAnQOZMcO,fd4c3b50daf548ffa16be6f215d5b883,2025-09-19T07:11:20Z,2,This is a good pick for the prompt but something about it feels too obvious... I wouldn't be surprised to hear it has been done? Which still wouldn't deny it being a good choice but...... bit on the nose,0a9dac759c584cc4810c6697db05d118
spotify:track:500h8jAdr7LvzzXlm1qxtK,fd4c3b50daf548ffa16be6f215d5b883,2025-09-19T07:11:20Z,4,"What do you mean Ozempic song??? Are they advertising Ozempic with THIS song??? Omfg.... However, I do think this is a very good choice. Would have liked to hear more about the murder itself in your comment but I can see how it could work. Perhaps a magician who really does saw the woman in half in front of a live audience and the slow motion is the horrified faces of the audience as he maniacally smiles with blood spurting all over him",0a9dac759c584cc4810c6697db05d118
spotify:track:5l5qXM8M1BRBy9m8jZSe2t,fd4c3b50daf548ffa16be6f215d5b883,2025-09-19T07:11:20Z,1,I very much would have liked to hear more of the vision here. I think this sort lf misses the vibe in that I don't know if there is enough juxtaposition between this song's tempo and a slow motion scene,0a9dac759c584cc4810c6697db05d118
spotify:track:5le4sn0iMcnKU56bdmNzso,fd4c3b50daf548ffa16be6f215d5b883,2025-09-19T07:11:20Z,0,Your comment is very factual.... gimme the gore. It's too slow for the juxtaposition for me...... ,0a9dac759c584cc4810c6697db05d118
spotify:track:5qOAIBSLC62Fq5QsTz7f73,fd4c3b50daf548ffa16be6f215d5b883,2025-09-19T07:11:20Z,1,I really would have loved more visual here....... I want to like the song more than I do also,0a9dac759c584cc4810c6697db05d118
spotify:track:7jKc7fA6asnMoc8BS7ebj2,fd4c3b50daf548ffa16be6f215d5b883,2025-09-19T07:11:20Z,3,I think this would have been a really good choice but man I need you to give me some visual. A slow motion scene of someone being decapitated and continuing to run around the room afterwards would havw been amazing,0a9dac759c584cc4810c6697db05d118
spotify:track:0Qf280hQZTsB5qQVX7T0bl,e305e2cab85b4f929234bfdf98d6c6d0,2025-09-19T22:43:22Z,2,,0a9dac759c584cc4810c6697db05d118
spotify:track:7jKc7fA6asnMoc8BS7ebj2,e305e2cab85b4f929234bfdf98d6c6d0,2025-09-19T22:43:22Z,2,,0a9dac759c584cc4810c6697db05d118
spotify:track:6Jub05dvpbF4Im83NqMCUg,e305e2cab85b4f929234bfdf98d6c6d0,2025-09-19T22:43:22Z,4,,0a9dac759c584cc4810c6697db05d118
spotify:track:5qOAIBSLC62Fq5QsTz7f73,e305e2cab85b4f929234bfdf98d6c6d0,2025-09-19T22:43:22Z,4,,0a9dac759c584cc4810c6697db05d118
spotify:track:5le4sn0iMcnKU56bdmNzso,e305e2cab85b4f929234bfdf98d6c6d0,2025-09-19T22:43:22Z,4,,0a9dac759c584cc4810c6697db05d118
spotify:track:5l5qXM8M1BRBy9m8jZSe2t,e305e2cab85b4f929234bfdf98d6c6d0,2025-09-19T22:43:22Z,3,,0a9dac759c584cc4810c6697db05d118
spotify:track:500h8jAdr7LvzzXlm1qxtK,e305e2cab85b4f929234bfdf98d6c6d0,2025-09-19T22:43:22Z,2,,0a9dac759c584cc4810c6697db05d118
spotify:track:47gmoUrZV3w20JAnQOZMcO,e305e2cab85b4f929234bfdf98d6c6d0,2025-09-19T22:43:22Z,2,,0a9dac759c584cc4810c6697db05d118
spotify:track:31wbrGVQNygonRurnDrNF0,e305e2cab85b4f929234bfdf98d6c6d0,2025-09-19T22:43:22Z,5,,0a9dac759c584cc4810c6697db05d118
spotify:track:0ZfZaT7NByalxa6bct5G67,e305e2cab85b4f929234bfdf98d6c6d0,2025-09-19T22:43:22Z,2,,0a9dac759c584cc4810c6697db05d118
spotify:track:31wbrGVQNygonRurnDrNF0,1dacffd0545140b2970d73e29fe6cf33,2025-09-20T14:30:12Z,5,,0a9dac759c584cc4810c6697db05d118
spotify:track:1g1NBeyibyCJMgSfsjuyfS,1dacffd0545140b2970d73e29fe6cf33,2025-09-20T14:30:12Z,2,,0a9dac759c584cc4810c6697db05d118
spotify:track:0ZfZaT7NByalxa6bct5G67,1dacffd0545140b2970d73e29fe6cf33,2025-09-20T14:30:12Z,3,,0a9dac759c584cc4810c6697db05d118
spotify:track:0Qf280hQZTsB5qQVX7T0bl,1dacffd0545140b2970d73e29fe6cf33,2025-09-20T14:30:12Z,7,,0a9dac759c584cc4810c6697db05d118
spotify:track:6Jub05dvpbF4Im83NqMCUg,1dacffd0545140b2970d73e29fe6cf33,2025-09-20T14:30:12Z,5,My wife loves this song,0a9dac759c584cc4810c6697db05d118
spotify:track:5qOAIBSLC62Fq5QsTz7f73,1dacffd0545140b2970d73e29fe6cf33,2025-09-20T14:30:12Z,2,,0a9dac759c584cc4810c6697db05d118
spotify:track:5le4sn0iMcnKU56bdmNzso,1dacffd0545140b2970d73e29fe6cf33,2025-09-20T14:30:12Z,1,,0a9dac759c584cc4810c6697db05d118
spotify:track:5l5qXM8M1BRBy9m8jZSe2t,1dacffd0545140b2970d73e29fe6cf33,2025-09-20T14:30:12Z,3,,0a9dac759c584cc4810c6697db05d118
spotify:track:500h8jAdr7LvzzXlm1qxtK,1dacffd0545140b2970d73e29fe6cf33,2025-09-20T14:30:12Z,1,,0a9dac759c584cc4810c6697db05d118
spotify:track:47gmoUrZV3w20JAnQOZMcO,1dacffd0545140b2970d73e29fe6cf33,2025-09-20T14:30:12Z,1,,0a9dac759c584cc4810c6697db05d118
spotify:track:1g1NBeyibyCJMgSfsjuyfS,f0210a760ed4406e838b0b2e03fc2a7e,2025-09-20T18:52:53Z,2,This feels like it should have been featured on The Lego movie.,0a9dac759c584cc4810c6697db05d118
spotify:track:0ZfZaT7NByalxa6bct5G67,f0210a760ed4406e838b0b2e03fc2a7e,2025-09-20T18:52:53Z,5,I can see it. ,0a9dac759c584cc4810c6697db05d118
spotify:track:31wbrGVQNygonRurnDrNF0,f0210a760ed4406e838b0b2e03fc2a7e,2025-09-20T18:52:53Z,3,,0a9dac759c584cc4810c6697db05d118
spotify:track:47gmoUrZV3w20JAnQOZMcO,f0210a760ed4406e838b0b2e03fc2a7e,2025-09-20T18:52:53Z,5,,0a9dac759c584cc4810c6697db05d118
spotify:track:500h8jAdr7LvzzXlm1qxtK,f0210a760ed4406e838b0b2e03fc2a7e,2025-09-20T18:52:53Z,4,Haha,0a9dac759c584cc4810c6697db05d118
spotify:track:5l5qXM8M1BRBy9m8jZSe2t,f0210a760ed4406e838b0b2e03fc2a7e,2025-09-20T18:52:53Z,2,,0a9dac759c584cc4810c6697db05d118
spotify:track:5le4sn0iMcnKU56bdmNzso,f0210a760ed4406e838b0b2e03fc2a7e,2025-09-20T18:52:53Z,2,"I like the song, but the contrast here ain’t doing it for me.",0a9dac759c584cc4810c6697db05d118
spotify:track:5qOAIBSLC62Fq5QsTz7f73,f0210a760ed4406e838b0b2e03fc2a7e,2025-09-20T18:52:53Z,3,Interesting!,0a9dac759c584cc4810c6697db05d118
spotify:track:6Jub05dvpbF4Im83NqMCUg,f0210a760ed4406e838b0b2e03fc2a7e,2025-09-20T18:52:53Z,2,Haha. But it feels too fitting!,0a9dac759c584cc4810c6697db05d118
spotify:track:7jKc7fA6asnMoc8BS7ebj2,f0210a760ed4406e838b0b2e03fc2a7e,2025-09-20T18:52:53Z,2,Hmmmm,0a9dac759c584cc4810c6697db05d118
spotify:track:1g1NBeyibyCJMgSfsjuyfS,bdd60b40c4ca4c78a0cbf518560cd06c,2025-09-21T00:57:01Z,2,,0a9dac759c584cc4810c6697db05d118
spotify:track:7jKc7fA6asnMoc8BS7ebj2,bdd60b40c4ca4c78a0cbf518560cd06c,2025-09-21T00:57:01Z,2,,0a9dac759c584cc4810c6697db05d118
spotify:track:6Jub05dvpbF4Im83NqMCUg,bdd60b40c4ca4c78a0cbf518560cd06c,2025-09-21T00:57:01Z,1,,0a9dac759c584cc4810c6697db05d118
spotify:track:5le4sn0iMcnKU56bdmNzso,bdd60b40c4ca4c78a0cbf518560cd06c,2025-09-21T00:57:01Z,7,,0a9dac759c584cc4810c6697db05d118
spotify:track:5l5qXM8M1BRBy9m8jZSe2t,bdd60b40c4ca4c78a0cbf518560cd06c,2025-09-21T00:57:01Z,3,,0a9dac759c584cc4810c6697db05d118
spotify:track:500h8jAdr7LvzzXlm1qxtK,bdd60b40c4ca4c78a0cbf518560cd06c,2025-09-21T00:57:01Z,5,,0a9dac759c584cc4810c6697db05d118
spotify:track:47gmoUrZV3w20JAnQOZMcO,bdd60b40c4ca4c78a0cbf518560cd06c,2025-09-21T00:57:01Z,2,,0a9dac759c584cc4810c6697db05d118
spotify:track:31wbrGVQNygonRurnDrNF0,bdd60b40c4ca4c78a0cbf518560cd06c,2025-09-21T00:57:01Z,4,,0a9dac759c584cc4810c6697db05d118
spotify:track:0Qf280hQZTsB5qQVX7T0bl,bdd60b40c4ca4c78a0cbf518560cd06c,2025-09-21T00:57:01Z,1,"Doesn’t feel like a sharp enough contrast, plenty weird for just expected murder soundtrack ",0a9dac759c584cc4810c6697db05d118
spotify:track:0ZfZaT7NByalxa6bct5G67,bdd60b40c4ca4c78a0cbf518560cd06c,2025-09-21T00:57:01Z,3,,0a9dac759c584cc4810c6697db05d118
spotify:track:0Qf280hQZTsB5qQVX7T0bl,5be35bf564744df2a445fae855878c05,2025-09-21T02:47:57Z,4,,0a9dac759c584cc4810c6697db05d118
spotify:track:1g1NBeyibyCJMgSfsjuyfS,5be35bf564744df2a445fae855878c05,2025-09-21T02:47:57Z,2,,0a9dac759c584cc4810c6697db05d118
spotify:track:0ZfZaT7NByalxa6bct5G67,5be35bf564744df2a445fae855878c05,2025-09-21T02:47:57Z,4,,0a9dac759c584cc4810c6697db05d118
spotify:track:7jKc7fA6asnMoc8BS7ebj2,5be35bf564744df2a445fae855878c05,2025-09-21T02:47:57Z,3,,0a9dac759c584cc4810c6697db05d118
spotify:track:6Jub05dvpbF4Im83NqMCUg,5be35bf564744df2a445fae855878c05,2025-09-21T02:47:57Z,4,you had me at killing all fascists ,0a9dac759c584cc4810c6697db05d118
spotify:track:5qOAIBSLC62Fq5QsTz7f73,5be35bf564744df2a445fae855878c05,2025-09-21T02:47:57Z,3,,0a9dac759c584cc4810c6697db05d118
spotify:track:5le4sn0iMcnKU56bdmNzso,5be35bf564744df2a445fae855878c05,2025-09-21T02:47:57Z,4,,0a9dac759c584cc4810c6697db05d118
spotify:track:5l5qXM8M1BRBy9m8jZSe2t,5be35bf564744df2a445fae855878c05,2025-09-21T02:47:57Z,3,,0a9dac759c584cc4810c6697db05d118
spotify:track:47gmoUrZV3w20JAnQOZMcO,5be35bf564744df2a445fae855878c05,2025-09-21T02:47:57Z,1,,0a9dac759c584cc4810c6697db05d118
spotify:track:31wbrGVQNygonRurnDrNF0,5be35bf564744df2a445fae855878c05,2025-09-21T02:47:57Z,2,,0a9dac759c584cc4810c6697db05d118
spotify:track:1yupbrI7ROhigIHpQBevPh,9885fc6ccffc4dd198f2ba810d533ea6,2025-09-26T03:12:55Z,3,,0e7e635ae7c44d8ab6e6f712f5827e52
spotify:track:2AjIawYBVjqrA885ypZ1n9,9885fc6ccffc4dd198f2ba810d533ea6,2025-09-26T03:12:55Z,5,,0e7e635ae7c44d8ab6e6f712f5827e52
spotify:track:2oDKxDxwEx88yeETKvTIms,9885fc6ccffc4dd198f2ba810d533ea6,2025-09-26T03:12:55Z,3,,0e7e635ae7c44d8ab6e6f712f5827e52
spotify:track:16GF5HUow99fT4I7rNdNAk,9885fc6ccffc4dd198f2ba810d533ea6,2025-09-26T03:12:55Z,5,yeayeayeayea!!!,0e7e635ae7c44d8ab6e6f712f5827e52
spotify:track:02ZY4dgPFzQavztbAF5PvJ,9885fc6ccffc4dd198f2ba810d533ea6,2025-09-26T03:12:55Z,5,,0e7e635ae7c44d8ab6e6f712f5827e52
spotify:track:1MdbDBwEEecnlLiyWChJFh,9885fc6ccffc4dd198f2ba810d533ea6,2025-09-26T03:12:55Z,5,here for the marching band content,0e7e635ae7c44d8ab6e6f712f5827e52
spotify:track:0Qty2GKY7Ce1eIsR44QEnu,9885fc6ccffc4dd198f2ba810d533ea6,2025-09-26T03:12:55Z,3,,0e7e635ae7c44d8ab6e6f712f5827e52
spotify:track:0uG7lyHUQudj9lz0SDtMKT,9885fc6ccffc4dd198f2ba810d533ea6,2025-09-26T03:12:55Z,1,,0e7e635ae7c44d8ab6e6f712f5827e52
spotify:track:6pmDHODsAiR8PZtlJZnJmC,fd4c3b50daf548ffa16be6f215d5b883,2025-09-26T15:16:46Z,0,So you listed all those instruments despite the fact they're not all in the song? Boooooo. Also boo Nick Cave,0e7e635ae7c44d8ab6e6f712f5827e52
spotify:track:02ZY4dgPFzQavztbAF5PvJ,fd4c3b50daf548ffa16be6f215d5b883,2025-09-26T15:16:46Z,7,"That is a hilarious story, love to your sister. Absolutely loving this, bard-core vibes",0e7e635ae7c44d8ab6e6f712f5827e52
spotify:track:0OyMvNyDehsDD5fIIoQAol,fd4c3b50daf548ffa16be6f215d5b883,2025-09-26T15:16:46Z,2,Love this premise more than the execution. I wish I could close my ears,0e7e635ae7c44d8ab6e6f712f5827e52
spotify:track:0Qty2GKY7Ce1eIsR44QEnu,fd4c3b50daf548ffa16be6f215d5b883,2025-09-26T15:16:46Z,5,Genius idea. I would hate them so much if I saw them busking on the street but I like this,0e7e635ae7c44d8ab6e6f712f5827e52
spotify:track:0uG7lyHUQudj9lz0SDtMKT,fd4c3b50daf548ffa16be6f215d5b883,2025-09-26T15:16:46Z,1,"He's going to have to speak up, I'm wearing a towel. I mean, sometimes too many instruments not good thing ",0e7e635ae7c44d8ab6e6f712f5827e52
spotify:track:16GF5HUow99fT4I7rNdNAk,fd4c3b50daf548ffa16be6f215d5b883,2025-09-26T15:16:46Z,2,This is fun! If it's not just an echo then it does in fact sound like two drumkits,0e7e635ae7c44d8ab6e6f712f5827e52
spotify:track:1Q0ngcqxEr5GpDGfh5VAvZ,fd4c3b50daf548ffa16be6f215d5b883,2025-09-26T15:16:46Z,1,"Do we want to be giving them listens then?? I mean, this is a hilarious premise and terrible song",0e7e635ae7c44d8ab6e6f712f5827e52
spotify:track:1yupbrI7ROhigIHpQBevPh,fd4c3b50daf548ffa16be6f215d5b883,2025-09-26T15:16:46Z,5,"I really appreciate the listing of instruments, thank you. This is a good song!",0e7e635ae7c44d8ab6e6f712f5827e52
spotify:track:2AjIawYBVjqrA885ypZ1n9,fd4c3b50daf548ffa16be6f215d5b883,2025-09-26T15:16:46Z,2,I'm not sure if I fully count this when it is mixing non-unusual instruments? Though the sound is really cool so I am a bit conflicted,0e7e635ae7c44d8ab6e6f712f5827e52
spotify:track:2oDKxDxwEx88yeETKvTIms,fd4c3b50daf548ffa16be6f215d5b883,2025-09-26T15:16:46Z,4,I really like the sound of this. My girlfriend hates it and now is looking at me like I'm insane so thanks for that,0e7e635ae7c44d8ab6e6f712f5827e52
spotify:track:4RHBUmJzDqT7vQzLyDGNkH,fd4c3b50daf548ffa16be6f215d5b883,2025-09-26T15:16:46Z,1,"No comment? Wow, too big to use words now eh? Are we counting electronic sounds as unusual instruments? I need to know more about what's going on here",0e7e635ae7c44d8ab6e6f712f5827e52
spotify:track:16GF5HUow99fT4I7rNdNAk,d16b02d16f77415da273094af63d462e,2025-09-26T17:52:28Z,2,,0e7e635ae7c44d8ab6e6f712f5827e52
spotify:track:0OyMvNyDehsDD5fIIoQAol,d16b02d16f77415da273094af63d462e,2025-09-26T17:52:28Z,3,,0e7e635ae7c44d8ab6e6f712f5827e52
spotify:track:0Qty2GKY7Ce1eIsR44QEnu,d16b02d16f77415da273094af63d462e,2025-09-26T17:52:28Z,8,"Honestly didn't even clock the sounds at all, but goddamn I sure do like the song",0e7e635ae7c44d8ab6e6f712f5827e52
spotify:track:0uG7lyHUQudj9lz0SDtMKT,d16b02d16f77415da273094af63d462e,2025-09-26T17:52:28Z,1,,0e7e635ae7c44d8ab6e6f712f5827e52
spotify:track:1MdbDBwEEecnlLiyWChJFh,d16b02d16f77415da273094af63d462e,2025-09-26T17:52:28Z,6,,0e7e635ae7c44d8ab6e6f712f5827e52
spotify:track:1Q0ngcqxEr5GpDGfh5VAvZ,d16b02d16f77415da273094af63d462e,2025-09-26T17:52:28Z,7,Not into the song but EXCELLENT work on the prompt,0e7e635ae7c44d8ab6e6f712f5827e52
spotify:track:1yupbrI7ROhigIHpQBevPh,d16b02d16f77415da273094af63d462e,2025-09-26T17:52:28Z,1,,0e7e635ae7c44d8ab6e6f712f5827e52
spotify:track:6pmDHODsAiR8PZtlJZnJmC,d16b02d16f77415da273094af63d462e,2025-09-26T17:52:28Z,2,,0e7e635ae7c44d8ab6e6f712f5827e52
spotify:track:02ZY4dgPFzQavztbAF5PvJ,f0210a760ed4406e838b0b2e03fc2a7e,2025-09-26T19:27:12Z,2,,0e7e635ae7c44d8ab6e6f712f5827e52
spotify:track:0OyMvNyDehsDD5fIIoQAol,f0210a760ed4406e838b0b2e03fc2a7e,2025-09-26T19:27:12Z,3,This is cool. But it makes me think of Jimmy Fallon. So I have to dock a point.,0e7e635ae7c44d8ab6e6f712f5827e52
spotify:track:0Qty2GKY7Ce1eIsR44QEnu,f0210a760ed4406e838b0b2e03fc2a7e,2025-09-26T19:27:12Z,2,That’s neato!,0e7e635ae7c44d8ab6e6f712f5827e52
spotify:track:0uG7lyHUQudj9lz0SDtMKT,f0210a760ed4406e838b0b2e03fc2a7e,2025-09-26T19:27:12Z,1,Sounds like hippie music!,0e7e635ae7c44d8ab6e6f712f5827e52
spotify:track:16GF5HUow99fT4I7rNdNAk,f0210a760ed4406e838b0b2e03fc2a7e,2025-09-26T19:27:12Z,3,,0e7e635ae7c44d8ab6e6f712f5827e52
spotify:track:1MdbDBwEEecnlLiyWChJFh,f0210a760ed4406e838b0b2e03fc2a7e,2025-09-26T19:27:12Z,0,I like the horns,0e7e635ae7c44d8ab6e6f712f5827e52
spotify:track:1yupbrI7ROhigIHpQBevPh,f0210a760ed4406e838b0b2e03fc2a7e,2025-09-26T19:27:12Z,5,,0e7e635ae7c44d8ab6e6f712f5827e52
spotify:track:2AjIawYBVjqrA885ypZ1n9,f0210a760ed4406e838b0b2e03fc2a7e,2025-09-26T19:27:12Z,5,I did not know about this. And now I have to listen to more.,0e7e635ae7c44d8ab6e6f712f5827e52
spotify:track:2oDKxDxwEx88yeETKvTIms,f0210a760ed4406e838b0b2e03fc2a7e,2025-09-26T19:27:12Z,3,I kinda like distorted fucked up drums.,0e7e635ae7c44d8ab6e6f712f5827e52
spotify:track:4RHBUmJzDqT7vQzLyDGNkH,f0210a760ed4406e838b0b2e03fc2a7e,2025-09-26T19:27:12Z,2,,0e7e635ae7c44d8ab6e6f712f5827e52
spotify:track:6pmDHODsAiR8PZtlJZnJmC,f0210a760ed4406e838b0b2e03fc2a7e,2025-09-26T19:27:12Z,4,I love Nick Cave so very much. This isn’t a fave of mine. But I do love this album. Warren Ellis brings out a lot of weird shit.,0e7e635ae7c44d8ab6e6f712f5827e52
spotify:track:02ZY4dgPFzQavztbAF5PvJ,1dacffd0545140b2970d73e29fe6cf33,2025-09-26T19:54:18Z,5,,0e7e635ae7c44d8ab6e6f712f5827e52
spotify:track:0OyMvNyDehsDD5fIIoQAol,1dacffd0545140b2970d73e29fe6cf33,2025-09-26T19:54:18Z,5,,0e7e635ae7c44d8ab6e6f712f5827e52
spotify:track:0Qty2GKY7Ce1eIsR44QEnu,1dacffd0545140b2970d73e29fe6cf33,2025-09-26T19:54:18Z,4,,0e7e635ae7c44d8ab6e6f712f5827e52
spotify:track:16GF5HUow99fT4I7rNdNAk,1dacffd0545140b2970d73e29fe6cf33,2025-09-26T19:54:18Z,2,,0e7e635ae7c44d8ab6e6f712f5827e52
spotify:track:1Q0ngcqxEr5GpDGfh5VAvZ,1dacffd0545140b2970d73e29fe6cf33,2025-09-26T19:54:18Z,6,,0e7e635ae7c44d8ab6e6f712f5827e52
spotify:track:2oDKxDxwEx88yeETKvTIms,1dacffd0545140b2970d73e29fe6cf33,2025-09-26T19:54:18Z,4,,0e7e635ae7c44d8ab6e6f712f5827e52
spotify:track:6pmDHODsAiR8PZtlJZnJmC,1dacffd0545140b2970d73e29fe6cf33,2025-09-26T19:54:18Z,4,,0e7e635ae7c44d8ab6e6f712f5827e52
spotify:track:2oDKxDxwEx88yeETKvTIms,8488014f1ae545f5b57a9e641f9b1ace,2025-09-27T05:20:04Z,1,,0e7e635ae7c44d8ab6e6f712f5827e52
spotify:track:02ZY4dgPFzQavztbAF5PvJ,8488014f1ae545f5b57a9e641f9b1ace,2025-09-27T05:20:04Z,2,,0e7e635ae7c44d8ab6e6f712f5827e52
spotify:track:0OyMvNyDehsDD5fIIoQAol,8488014f1ae545f5b57a9e641f9b1ace,2025-09-27T05:20:04Z,2,Ooh. This makes me mad I forgot about Self's Gizmodgery album ,0e7e635ae7c44d8ab6e6f712f5827e52
spotify:track:0Qty2GKY7Ce1eIsR44QEnu,8488014f1ae545f5b57a9e641f9b1ace,2025-09-27T05:20:04Z,2,,0e7e635ae7c44d8ab6e6f712f5827e52
spotify:track:0uG7lyHUQudj9lz0SDtMKT,8488014f1ae545f5b57a9e641f9b1ace,2025-09-27T05:20:04Z,4,,0e7e635ae7c44d8ab6e6f712f5827e52
spotify:track:16GF5HUow99fT4I7rNdNAk,8488014f1ae545f5b57a9e641f9b1ace,2025-09-27T05:20:04Z,3,,0e7e635ae7c44d8ab6e6f712f5827e52
spotify:track:1MdbDBwEEecnlLiyWChJFh,8488014f1ae545f5b57a9e641f9b1ace,2025-09-27T05:20:04Z,2,,0e7e635ae7c44d8ab6e6f712f5827e52
spotify:track:1Q0ngcqxEr5GpDGfh5VAvZ,8488014f1ae545f5b57a9e641f9b1ace,2025-09-27T05:20:04Z,2,,0e7e635ae7c44d8ab6e6f712f5827e52
spotify:track:2AjIawYBVjqrA885ypZ1n9,8488014f1ae545f5b57a9e641f9b1ace,2025-09-27T05:20:04Z,2,,0e7e635ae7c44d8ab6e6f712f5827e52
spotify:track:4RHBUmJzDqT7vQzLyDGNkH,8488014f1ae545f5b57a9e641f9b1ace,2025-09-27T05:20:04Z,6,Holy shit someone did Gizmodgery! ,0e7e635ae7c44d8ab6e6f712f5827e52
spotify:track:6pmDHODsAiR8PZtlJZnJmC,8488014f1ae545f5b57a9e641f9b1ace,2025-09-27T05:20:04Z,4,,0e7e635ae7c44d8ab6e6f712f5827e52
spotify:track:0OyMvNyDehsDD5fIIoQAol,e305e2cab85b4f929234bfdf98d6c6d0,2025-09-27T19:02:37Z,6,,0e7e635ae7c44d8ab6e6f712f5827e52
spotify:track:0Qty2GKY7Ce1eIsR44QEnu,e305e2cab85b4f929234bfdf98d6c6d0,2025-09-27T19:02:37Z,2,,0e7e635ae7c44d8ab6e6f712f5827e52
spotify:track:0uG7lyHUQudj9lz0SDtMKT,e305e2cab85b4f929234bfdf98d6c6d0,2025-09-27T19:02:37Z,2,,0e7e635ae7c44d8ab6e6f712f5827e52
spotify:track:1MdbDBwEEecnlLiyWChJFh,e305e2cab85b4f929234bfdf98d6c6d0,2025-09-27T19:02:37Z,4,,0e7e635ae7c44d8ab6e6f712f5827e52
spotify:track:1Q0ngcqxEr5GpDGfh5VAvZ,e305e2cab85b4f929234bfdf98d6c6d0,2025-09-27T19:02:37Z,1,,0e7e635ae7c44d8ab6e6f712f5827e52
spotify:track:1yupbrI7ROhigIHpQBevPh,e305e2cab85b4f929234bfdf98d6c6d0,2025-09-27T19:02:37Z,3,,0e7e635ae7c44d8ab6e6f712f5827e52
spotify:track:2AjIawYBVjqrA885ypZ1n9,e305e2cab85b4f929234bfdf98d6c6d0,2025-09-27T19:02:37Z,3,,0e7e635ae7c44d8ab6e6f712f5827e52
spotify:track:2oDKxDxwEx88yeETKvTIms,e305e2cab85b4f929234bfdf98d6c6d0,2025-09-27T19:02:37Z,3,,0e7e635ae7c44d8ab6e6f712f5827e52
spotify:track:4RHBUmJzDqT7vQzLyDGNkH,e305e2cab85b4f929234bfdf98d6c6d0,2025-09-27T19:02:37Z,3,,0e7e635ae7c44d8ab6e6f712f5827e52
spotify:track:6pmDHODsAiR8PZtlJZnJmC,e305e2cab85b4f929234bfdf98d6c6d0,2025-09-27T19:02:37Z,2,,0e7e635ae7c44d8ab6e6f712f5827e52
spotify:track:02ZY4dgPFzQavztbAF5PvJ,e305e2cab85b4f929234bfdf98d6c6d0,2025-09-27T19:02:37Z,1,,0e7e635ae7c44d8ab6e6f712f5827e52
spotify:track:02ZY4dgPFzQavztbAF5PvJ,bdd60b40c4ca4c78a0cbf518560cd06c,2025-09-27T20:23:08Z,2,MBD vibes,0e7e635ae7c44d8ab6e6f712f5827e52
spotify:track:0OyMvNyDehsDD5fIIoQAol,bdd60b40c4ca4c78a0cbf518560cd06c,2025-09-27T20:23:08Z,4,,0e7e635ae7c44d8ab6e6f712f5827e52
spotify:track:0Qty2GKY7Ce1eIsR44QEnu,bdd60b40c4ca4c78a0cbf518560cd06c,2025-09-27T20:23:08Z,4,should have thought of this one. points for remember tap dancing.,0e7e635ae7c44d8ab6e6f712f5827e52
spotify:track:0uG7lyHUQudj9lz0SDtMKT,bdd60b40c4ca4c78a0cbf518560cd06c,2025-09-27T20:23:08Z,3,,0e7e635ae7c44d8ab6e6f712f5827e52
spotify:track:16GF5HUow99fT4I7rNdNAk,bdd60b40c4ca4c78a0cbf518560cd06c,2025-09-27T20:23:08Z,1,,0e7e635ae7c44d8ab6e6f712f5827e52
spotify:track:1MdbDBwEEecnlLiyWChJFh,bdd60b40c4ca4c78a0cbf518560cd06c,2025-09-27T20:23:08Z,4,,0e7e635ae7c44d8ab6e6f712f5827e52
spotify:track:1Q0ngcqxEr5GpDGfh5VAvZ,bdd60b40c4ca4c78a0cbf518560cd06c,2025-09-27T20:23:08Z,6,"Now i'm kicking myself for not thinking of this. i have to give you credit for the chainsaw. I loved Full Throttle Saloon when it was on. And yes, nuts all around I'd say.",0e7e635ae7c44d8ab6e6f712f5827e52
spotify:track:1yupbrI7ROhigIHpQBevPh,bdd60b40c4ca4c78a0cbf518560cd06c,2025-09-27T20:23:08Z,3,,0e7e635ae7c44d8ab6e6f712f5827e52
spotify:track:2AjIawYBVjqrA885ypZ1n9,bdd60b40c4ca4c78a0cbf518560cd06c,2025-09-27T20:23:08Z,2,,0e7e635ae7c44d8ab6e6f712f5827e52
spotify:track:6pmDHODsAiR8PZtlJZnJmC,bdd60b40c4ca4c78a0cbf518560cd06c,2025-09-27T20:23:08Z,1,,0e7e635ae7c44d8ab6e6f712f5827e52
spotify:track:6pmDHODsAiR8PZtlJZnJmC,5be35bf564744df2a445fae855878c05,2025-09-27T22:29:43Z,4,Learned a new word (bouzouki) today!,0e7e635ae7c44d8ab6e6f712f5827e52
spotify:track:02ZY4dgPFzQavztbAF5PvJ,5be35bf564744df2a445fae855878c05,2025-09-27T22:29:43Z,2,,0e7e635ae7c44d8ab6e6f712f5827e52
spotify:track:0OyMvNyDehsDD5fIIoQAol,5be35bf564744df2a445fae855878c05,2025-09-27T22:29:43Z,3,,0e7e635ae7c44d8ab6e6f712f5827e52
spotify:track:0uG7lyHUQudj9lz0SDtMKT,5be35bf564744df2a445fae855878c05,2025-09-27T22:29:43Z,2,,0e7e635ae7c44d8ab6e6f712f5827e52
spotify:track:16GF5HUow99fT4I7rNdNAk,5be35bf564744df2a445fae855878c05,2025-09-27T22:29:43Z,4,"The Go! Team seems to pop up a lot here lately but it’s always good, so we will allow it?",0e7e635ae7c44d8ab6e6f712f5827e52
spotify:track:1MdbDBwEEecnlLiyWChJFh,5be35bf564744df2a445fae855878c05,2025-09-27T22:29:43Z,4,,0e7e635ae7c44d8ab6e6f712f5827e52
spotify:track:1Q0ngcqxEr5GpDGfh5VAvZ,5be35bf564744df2a445fae855878c05,2025-09-27T22:29:43Z,1,,0e7e635ae7c44d8ab6e6f712f5827e52
spotify:track:1yupbrI7ROhigIHpQBevPh,5be35bf564744df2a445fae855878c05,2025-09-27T22:29:43Z,2,,0e7e635ae7c44d8ab6e6f712f5827e52
spotify:track:2AjIawYBVjqrA885ypZ1n9,5be35bf564744df2a445fae855878c05,2025-09-27T22:29:43Z,4,,0e7e635ae7c44d8ab6e6f712f5827e52
spotify:track:2oDKxDxwEx88yeETKvTIms,5be35bf564744df2a445fae855878c05,2025-09-27T22:29:43Z,3,,0e7e635ae7c44d8ab6e6f712f5827e52
spotify:track:4RHBUmJzDqT7vQzLyDGNkH,5be35bf564744df2a445fae855878c05,2025-09-27T22:29:43Z,1,Needs submission notes ,0e7e635ae7c44d8ab6e6f712f5827e52
spotify:track:4RHBUmJzDqT7vQzLyDGNkH,2ec875e45c3449718c71af2281043ff5,2025-09-28T02:08:18Z,3,,0e7e635ae7c44d8ab6e6f712f5827e52
spotify:track:6pmDHODsAiR8PZtlJZnJmC,2ec875e45c3449718c71af2281043ff5,2025-09-28T02:08:18Z,2,,0e7e635ae7c44d8ab6e6f712f5827e52
spotify:track:02ZY4dgPFzQavztbAF5PvJ,2ec875e45c3449718c71af2281043ff5,2025-09-28T02:08:18Z,9,,0e7e635ae7c44d8ab6e6f712f5827e52
spotify:track:0OyMvNyDehsDD5fIIoQAol,2ec875e45c3449718c71af2281043ff5,2025-09-28T02:08:18Z,2,,0e7e635ae7c44d8ab6e6f712f5827e52
spotify:track:0Qty2GKY7Ce1eIsR44QEnu,2ec875e45c3449718c71af2281043ff5,2025-09-28T02:08:18Z,2,,0e7e635ae7c44d8ab6e6f712f5827e52
spotify:track:0uG7lyHUQudj9lz0SDtMKT,2ec875e45c3449718c71af2281043ff5,2025-09-28T02:08:18Z,4,,0e7e635ae7c44d8ab6e6f712f5827e52
spotify:track:16GF5HUow99fT4I7rNdNAk,2ec875e45c3449718c71af2281043ff5,2025-09-28T02:08:18Z,1,,0e7e635ae7c44d8ab6e6f712f5827e52
spotify:track:1MdbDBwEEecnlLiyWChJFh,2ec875e45c3449718c71af2281043ff5,2025-09-28T02:08:18Z,1,,0e7e635ae7c44d8ab6e6f712f5827e52
spotify:track:2oDKxDxwEx88yeETKvTIms,2ec875e45c3449718c71af2281043ff5,2025-09-28T02:08:18Z,6,,0e7e635ae7c44d8ab6e6f712f5827e52
spotify:track:02ZY4dgPFzQavztbAF5PvJ,58386a2a504f4fd08caed77112bedc82,2025-09-28T02:08:34Z,3,,0e7e635ae7c44d8ab6e6f712f5827e52
spotify:track:2oDKxDxwEx88yeETKvTIms,58386a2a504f4fd08caed77112bedc82,2025-09-28T02:08:34Z,3,,0e7e635ae7c44d8ab6e6f712f5827e52
spotify:track:0OyMvNyDehsDD5fIIoQAol,58386a2a504f4fd08caed77112bedc82,2025-09-28T02:08:34Z,3,,0e7e635ae7c44d8ab6e6f712f5827e52
spotify:track:0Qty2GKY7Ce1eIsR44QEnu,58386a2a504f4fd08caed77112bedc82,2025-09-28T02:08:34Z,3,,0e7e635ae7c44d8ab6e6f712f5827e52
spotify:track:0uG7lyHUQudj9lz0SDtMKT,58386a2a504f4fd08caed77112bedc82,2025-09-28T02:08:34Z,3,,0e7e635ae7c44d8ab6e6f712f5827e52
spotify:track:16GF5HUow99fT4I7rNdNAk,58386a2a504f4fd08caed77112bedc82,2025-09-28T02:08:34Z,3,,0e7e635ae7c44d8ab6e6f712f5827e52
spotify:track:1MdbDBwEEecnlLiyWChJFh,58386a2a504f4fd08caed77112bedc82,2025-09-28T02:08:34Z,3,,0e7e635ae7c44d8ab6e6f712f5827e52
spotify:track:1Q0ngcqxEr5GpDGfh5VAvZ,58386a2a504f4fd08caed77112bedc82,2025-09-28T02:08:34Z,3,,0e7e635ae7c44d8ab6e6f712f5827e52
spotify:track:1yupbrI7ROhigIHpQBevPh,58386a2a504f4fd08caed77112bedc82,2025-09-28T02:08:34Z,3,,0e7e635ae7c44d8ab6e6f712f5827e52
spotify:track:2AjIawYBVjqrA885ypZ1n9,58386a2a504f4fd08caed77112bedc82,2025-09-28T02:08:34Z,3,,0e7e635ae7c44d8ab6e6f712f5827e52
spotify:track:0aa5ab14xrlJm3GEmwDdtc,9885fc6ccffc4dd198f2ba810d533ea6,2025-10-02T14:01:50Z,5,"If Tre took the lead vocals this would work, but sadly you get points because Billie Joe’s conviction is horrifyingly off putting.",900b619e920e4e0bbbe78575966382c2
spotify:track:0NH8wNkvyxJpiNdT1qQrl1,9885fc6ccffc4dd198f2ba810d533ea6,2025-10-02T14:01:50Z,3,,900b619e920e4e0bbbe78575966382c2
spotify:track:1PVY59Mj7LT7f7Y3pku0WY,9885fc6ccffc4dd198f2ba810d533ea6,2025-10-02T14:01:50Z,10,I never hit skip harder than when I hear the first notes of this song.,900b619e920e4e0bbbe78575966382c2
spotify:track:2pl1aMLPcte0dHWHSJ1mr0,9885fc6ccffc4dd198f2ba810d533ea6,2025-10-02T14:01:50Z,2,,900b619e920e4e0bbbe78575966382c2
spotify:track:40eMog6sMpHs3TA26pRaaq,9885fc6ccffc4dd198f2ba810d533ea6,2025-10-02T14:01:50Z,2,,900b619e920e4e0bbbe78575966382c2
spotify:track:4no1bVGLUhgFEOQY3gb8lv,9885fc6ccffc4dd198f2ba810d533ea6,2025-10-02T14:01:50Z,3,,900b619e920e4e0bbbe78575966382c2
spotify:track:5qHYXcVvc9xsFB2uH7GpMN,9885fc6ccffc4dd198f2ba810d533ea6,2025-10-02T14:01:50Z,3,,900b619e920e4e0bbbe78575966382c2
spotify:track:68uuz61IqrSJjO6ffO3yHc,9885fc6ccffc4dd198f2ba810d533ea6,2025-10-02T14:01:50Z,0,"Nah dawg, this is a greatest hit for a reason. ",900b619e920e4e0bbbe78575966382c2
spotify:track:7D3Q7QFN6aUuIMewijFtjl,9885fc6ccffc4dd198f2ba810d533ea6,2025-10-02T14:01:50Z,2,,900b619e920e4e0bbbe78575966382c2
spotify:track:0aa5ab14xrlJm3GEmwDdtc,f0210a760ed4406e838b0b2e03fc2a7e,2025-10-03T03:55:46Z,3,That trio of albums was ill advised ,900b619e920e4e0bbbe78575966382c2
spotify:track:0NH8wNkvyxJpiNdT1qQrl1,f0210a760ed4406e838b0b2e03fc2a7e,2025-10-03T03:55:46Z,2,,900b619e920e4e0bbbe78575966382c2
spotify:track:0x6VBqyMpg9wVYh1e4slMh,f0210a760ed4406e838b0b2e03fc2a7e,2025-10-03T03:55:46Z,4,Wowsers. This is dumb.,900b619e920e4e0bbbe78575966382c2
spotify:track:1PVY59Mj7LT7f7Y3pku0WY,f0210a760ed4406e838b0b2e03fc2a7e,2025-10-03T03:55:46Z,3,Yikes.,900b619e920e4e0bbbe78575966382c2
spotify:track:40eMog6sMpHs3TA26pRaaq,f0210a760ed4406e838b0b2e03fc2a7e,2025-10-03T03:55:46Z,3,"Yeah, I get it. That vocal sample is annoying, but the music is good. It’s almost more annoying to have the music obscured by that vocal. But then it is there! ",900b619e920e4e0bbbe78575966382c2
spotify:track:4no1bVGLUhgFEOQY3gb8lv,f0210a760ed4406e838b0b2e03fc2a7e,2025-10-03T03:55:46Z,4,,900b619e920e4e0bbbe78575966382c2
spotify:track:5qHYXcVvc9xsFB2uH7GpMN,f0210a760ed4406e838b0b2e03fc2a7e,2025-10-03T03:55:46Z,6,I fucking hate this song.,900b619e920e4e0bbbe78575966382c2
spotify:track:68uuz61IqrSJjO6ffO3yHc,f0210a760ed4406e838b0b2e03fc2a7e,2025-10-03T03:55:46Z,3,,900b619e920e4e0bbbe78575966382c2
spotify:track:7D3Q7QFN6aUuIMewijFtjl,f0210a760ed4406e838b0b2e03fc2a7e,2025-10-03T03:55:46Z,2,Hahaha,900b619e920e4e0bbbe78575966382c2
spotify:track:0aa5ab14xrlJm3GEmwDdtc,1dacffd0545140b2970d73e29fe6cf33,2025-10-03T12:05:36Z,3,,900b619e920e4e0bbbe78575966382c2
spotify:track:0NH8wNkvyxJpiNdT1qQrl1,1dacffd0545140b2970d73e29fe6cf33,2025-10-03T12:05:36Z,2,,900b619e920e4e0bbbe78575966382c2
spotify:track:0x6VBqyMpg9wVYh1e4slMh,1dacffd0545140b2970d73e29fe6cf33,2025-10-03T12:05:36Z,3,,900b619e920e4e0bbbe78575966382c2
spotify:track:2pl1aMLPcte0dHWHSJ1mr0,1dacffd0545140b2970d73e29fe6cf33,2025-10-03T12:05:36Z,3,,900b619e920e4e0bbbe78575966382c2
spotify:track:40eMog6sMpHs3TA26pRaaq,1dacffd0545140b2970d73e29fe6cf33,2025-10-03T12:05:36Z,4,,900b619e920e4e0bbbe78575966382c2
spotify:track:4no1bVGLUhgFEOQY3gb8lv,1dacffd0545140b2970d73e29fe6cf33,2025-10-03T12:05:36Z,4,,900b619e920e4e0bbbe78575966382c2
spotify:track:4sxVoAf7uvxCSgTCRNDohP,1dacffd0545140b2970d73e29fe6cf33,2025-10-03T12:05:36Z,3,,900b619e920e4e0bbbe78575966382c2
spotify:track:5lta8QT673oM7dvMdwuOSc,1dacffd0545140b2970d73e29fe6cf33,2025-10-03T12:05:36Z,3,,900b619e920e4e0bbbe78575966382c2
spotify:track:68uuz61IqrSJjO6ffO3yHc,1dacffd0545140b2970d73e29fe6cf33,2025-10-03T12:05:36Z,3,,900b619e920e4e0bbbe78575966382c2
spotify:track:7D3Q7QFN6aUuIMewijFtjl,1dacffd0545140b2970d73e29fe6cf33,2025-10-03T12:05:36Z,2,,900b619e920e4e0bbbe78575966382c2
spotify:track:0aa5ab14xrlJm3GEmwDdtc,bdd60b40c4ca4c78a0cbf518560cd06c,2025-10-03T17:29:15Z,3,,900b619e920e4e0bbbe78575966382c2
spotify:track:0NH8wNkvyxJpiNdT1qQrl1,bdd60b40c4ca4c78a0cbf518560cd06c,2025-10-03T17:29:15Z,4,don't hate the song but excellent comment,900b619e920e4e0bbbe78575966382c2
spotify:track:0x6VBqyMpg9wVYh1e4slMh,bdd60b40c4ca4c78a0cbf518560cd06c,2025-10-03T17:29:15Z,5,,900b619e920e4e0bbbe78575966382c2
spotify:track:1PVY59Mj7LT7f7Y3pku0WY,bdd60b40c4ca4c78a0cbf518560cd06c,2025-10-03T17:29:15Z,4,,900b619e920e4e0bbbe78575966382c2
spotify:track:2pl1aMLPcte0dHWHSJ1mr0,bdd60b40c4ca4c78a0cbf518560cd06c,2025-10-03T17:29:15Z,3,,900b619e920e4e0bbbe78575966382c2
spotify:track:40eMog6sMpHs3TA26pRaaq,bdd60b40c4ca4c78a0cbf518560cd06c,2025-10-03T17:29:15Z,1,more boring than terrible,900b619e920e4e0bbbe78575966382c2
spotify:track:4sxVoAf7uvxCSgTCRNDohP,bdd60b40c4ca4c78a0cbf518560cd06c,2025-10-03T17:29:15Z,1,,900b619e920e4e0bbbe78575966382c2
spotify:track:5lta8QT673oM7dvMdwuOSc,bdd60b40c4ca4c78a0cbf518560cd06c,2025-10-03T17:29:15Z,3,,900b619e920e4e0bbbe78575966382c2
spotify:track:5qHYXcVvc9xsFB2uH7GpMN,bdd60b40c4ca4c78a0cbf518560cd06c,2025-10-03T17:29:15Z,4,i like a hit as the worst song,900b619e920e4e0bbbe78575966382c2
spotify:track:68uuz61IqrSJjO6ffO3yHc,bdd60b40c4ca4c78a0cbf518560cd06c,2025-10-03T17:29:15Z,0,"Ehhhhh I dunno , this doesn’t have the same badness factor as the rest of the playlist ",900b619e920e4e0bbbe78575966382c2
spotify:track:7D3Q7QFN6aUuIMewijFtjl,bdd60b40c4ca4c78a0cbf518560cd06c,2025-10-03T17:29:15Z,2,sounds like a bad ODB impression ,900b619e920e4e0bbbe78575966382c2
spotify:track:0aa5ab14xrlJm3GEmwDdtc,d16b02d16f77415da273094af63d462e,2025-10-03T18:23:31Z,2,,900b619e920e4e0bbbe78575966382c2
spotify:track:0x6VBqyMpg9wVYh1e4slMh,d16b02d16f77415da273094af63d462e,2025-10-03T18:23:31Z,8,Truly without redeeming qualities. Even as a longtime Dylan non-appreciator(for purely contrarian reasons) I couldn't have guessed he had this in him. ,900b619e920e4e0bbbe78575966382c2
spotify:track:1PVY59Mj7LT7f7Y3pku0WY,d16b02d16f77415da273094af63d462e,2025-10-03T18:23:31Z,3,,900b619e920e4e0bbbe78575966382c2
spotify:track:2pl1aMLPcte0dHWHSJ1mr0,d16b02d16f77415da273094af63d462e,2025-10-03T18:23:31Z,4,,900b619e920e4e0bbbe78575966382c2
spotify:track:40eMog6sMpHs3TA26pRaaq,d16b02d16f77415da273094af63d462e,2025-10-03T18:23:31Z,0,If you put a gun to my head and asked me the difference between a good and bad Fatboy Slim song I would tell you to just pull the trigger.,900b619e920e4e0bbbe78575966382c2
spotify:track:4no1bVGLUhgFEOQY3gb8lv,d16b02d16f77415da273094af63d462e,2025-10-03T18:23:31Z,4,"I was going to penalize this more for actually being pretty solid in a lot of ways, but even aside from politics the chorus is ",900b619e920e4e0bbbe78575966382c2
spotify:track:5lta8QT673oM7dvMdwuOSc,d16b02d16f77415da273094af63d462e,2025-10-03T18:23:31Z,1,,900b619e920e4e0bbbe78575966382c2
spotify:track:5qHYXcVvc9xsFB2uH7GpMN,d16b02d16f77415da273094af63d462e,2025-10-03T18:23:31Z,2,,900b619e920e4e0bbbe78575966382c2
spotify:track:68uuz61IqrSJjO6ffO3yHc,d16b02d16f77415da273094af63d462e,2025-10-03T18:23:31Z,4,,900b619e920e4e0bbbe78575966382c2
spotify:track:7D3Q7QFN6aUuIMewijFtjl,d16b02d16f77415da273094af63d462e,2025-10-03T18:23:31Z,2,"This sucks in a lot of ways, but I am a sucker for a weird concept that's only mostly not working",900b619e920e4e0bbbe78575966382c2
spotify:track:0aa5ab14xrlJm3GEmwDdtc,5be35bf564744df2a445fae855878c05,2025-10-03T21:24:07Z,4,"Hahaha based on the title I thought it was “fuck time” like “ugh the concept of time is such a ruthless cruel thing :(” but it’s the other meaning, plus a weird pop country-ish (??) beat. Wonderfully terrible, great work ",900b619e920e4e0bbbe78575966382c2
spotify:track:0NH8wNkvyxJpiNdT1qQrl1,5be35bf564744df2a445fae855878c05,2025-10-03T21:24:07Z,0,it was actually weird and cool in a an almost pretty but deeply unsettling way? I would not call it a mistake!,900b619e920e4e0bbbe78575966382c2
spotify:track:0x6VBqyMpg9wVYh1e4slMh,5be35bf564744df2a445fae855878c05,2025-10-03T21:24:07Z,2,"Bob! It is borderline so bad that it loops back around and becomes good, though, possibly ",900b619e920e4e0bbbe78575966382c2
spotify:track:1PVY59Mj7LT7f7Y3pku0WY,5be35bf564744df2a445fae855878c05,2025-10-03T21:24:07Z,4,Sounds like one of those tiktok parody videos of specific music genres :( great work ,900b619e920e4e0bbbe78575966382c2
spotify:track:2pl1aMLPcte0dHWHSJ1mr0,5be35bf564744df2a445fae855878c05,2025-10-03T21:24:07Z,1,"Unfortunately still kinda cool, especially lyrically ",900b619e920e4e0bbbe78575966382c2
spotify:track:40eMog6sMpHs3TA26pRaaq,5be35bf564744df2a445fae855878c05,2025-10-03T21:24:07Z,4,"This is a bad one to listen to if you’re prone to ADHD echolalia and also in the middle of your workday, great work ",900b619e920e4e0bbbe78575966382c2
spotify:track:4no1bVGLUhgFEOQY3gb8lv,5be35bf564744df2a445fae855878c05,2025-10-03T21:24:07Z,3,"I refuse to even listen but trust that it’s bad, good work ",900b619e920e4e0bbbe78575966382c2
spotify:track:4sxVoAf7uvxCSgTCRNDohP,5be35bf564744df2a445fae855878c05,2025-10-03T21:24:07Z,3,Yeah this song is annoying,900b619e920e4e0bbbe78575966382c2
spotify:track:5lta8QT673oM7dvMdwuOSc,5be35bf564744df2a445fae855878c05,2025-10-03T21:24:07Z,5,Could not even get through it ,900b619e920e4e0bbbe78575966382c2
spotify:track:5qHYXcVvc9xsFB2uH7GpMN,5be35bf564744df2a445fae855878c05,2025-10-03T21:24:07Z,1,Unfortunately used to play this all the time in the jukebox at my neighborhood pizza place as a kid and still kind of like it in a weird nostalgic way (like the nostalgia for when people still smoked in restaurants?),900b619e920e4e0bbbe78575966382c2
spotify:track:7D3Q7QFN6aUuIMewijFtjl,5be35bf564744df2a445fae855878c05,2025-10-03T21:24:07Z,3,This is a thoughtful argument!,900b619e920e4e0bbbe78575966382c2
spotify:track:0NH8wNkvyxJpiNdT1qQrl1,fd4c3b50daf548ffa16be6f215d5b883,2025-10-03T21:56:02Z,3,"You have really captured an essence here however, not the worst thing I've ever heard",900b619e920e4e0bbbe78575966382c2
spotify:track:0x6VBqyMpg9wVYh1e4slMh,fd4c3b50daf548ffa16be6f215d5b883,2025-10-03T21:56:02Z,3,I bloody hate Bob Dylan so this is what all his songs sound like to me,900b619e920e4e0bbbe78575966382c2
spotify:track:1PVY59Mj7LT7f7Y3pku0WY,fd4c3b50daf548ffa16be6f215d5b883,2025-10-03T21:56:02Z,2,I bloody hate Alkaline Trio so this is what all their songs sound like to me,900b619e920e4e0bbbe78575966382c2
spotify:track:2pl1aMLPcte0dHWHSJ1mr0,fd4c3b50daf548ffa16be6f215d5b883,2025-10-03T21:56:02Z,0,I have no idea what you're talking this song is unbelievable you need your head examined ,900b619e920e4e0bbbe78575966382c2
spotify:track:40eMog6sMpHs3TA26pRaaq,fd4c3b50daf548ffa16be6f215d5b883,2025-10-03T21:56:02Z,0,I'm confused - I think this is very much Fatboy Slim at his core... this is a good song? ,900b619e920e4e0bbbe78575966382c2
spotify:track:4no1bVGLUhgFEOQY3gb8lv,fd4c3b50daf548ffa16be6f215d5b883,2025-10-03T21:56:02Z,10,Omfg this is terrible hahaha I think you win,900b619e920e4e0bbbe78575966382c2
spotify:track:4sxVoAf7uvxCSgTCRNDohP,fd4c3b50daf548ffa16be6f215d5b883,2025-10-03T21:56:02Z,7,HAHAHAHAHA this is brilliantly bad,900b619e920e4e0bbbe78575966382c2
spotify:track:5lta8QT673oM7dvMdwuOSc,fd4c3b50daf548ffa16be6f215d5b883,2025-10-03T21:56:02Z,0,I don't think a cover can count for a bad song by an otherwise great band 0 points,900b619e920e4e0bbbe78575966382c2
spotify:track:5qHYXcVvc9xsFB2uH7GpMN,fd4c3b50daf548ffa16be6f215d5b883,2025-10-03T21:56:02Z,0,You should listen to your inner child and realise this song is incredible,900b619e920e4e0bbbe78575966382c2
spotify:track:68uuz61IqrSJjO6ffO3yHc,fd4c3b50daf548ffa16be6f215d5b883,2025-10-03T21:56:02Z,0,What! Man this is a fantastic song! Why do you hate love,900b619e920e4e0bbbe78575966382c2
spotify:track:7D3Q7QFN6aUuIMewijFtjl,fd4c3b50daf548ffa16be6f215d5b883,2025-10-03T21:56:02Z,5,I mean I don't think Nas has much of a fantastic back catalogue to go off of. Hang on the song just started- this genuinely is the best song he's ever released omfg,900b619e920e4e0bbbe78575966382c2
spotify:track:0aa5ab14xrlJm3GEmwDdtc,e305e2cab85b4f929234bfdf98d6c6d0,2025-10-03T22:19:37Z,2,,900b619e920e4e0bbbe78575966382c2
spotify:track:0x6VBqyMpg9wVYh1e4slMh,e305e2cab85b4f929234bfdf98d6c6d0,2025-10-03T22:19:37Z,2,,900b619e920e4e0bbbe78575966382c2
spotify:track:1PVY59Mj7LT7f7Y3pku0WY,e305e2cab85b4f929234bfdf98d6c6d0,2025-10-03T22:19:37Z,2,,900b619e920e4e0bbbe78575966382c2
spotify:track:2pl1aMLPcte0dHWHSJ1mr0,e305e2cab85b4f929234bfdf98d6c6d0,2025-10-03T22:19:37Z,6,,900b619e920e4e0bbbe78575966382c2
spotify:track:40eMog6sMpHs3TA26pRaaq,e305e2cab85b4f929234bfdf98d6c6d0,2025-10-03T22:19:37Z,3,,900b619e920e4e0bbbe78575966382c2
spotify:track:4no1bVGLUhgFEOQY3gb8lv,e305e2cab85b4f929234bfdf98d6c6d0,2025-10-03T22:19:37Z,3,,900b619e920e4e0bbbe78575966382c2
spotify:track:4sxVoAf7uvxCSgTCRNDohP,e305e2cab85b4f929234bfdf98d6c6d0,2025-10-03T22:19:37Z,2,,900b619e920e4e0bbbe78575966382c2
spotify:track:5lta8QT673oM7dvMdwuOSc,e305e2cab85b4f929234bfdf98d6c6d0,2025-10-03T22:19:37Z,3,,900b619e920e4e0bbbe78575966382c2
spotify:track:5qHYXcVvc9xsFB2uH7GpMN,e305e2cab85b4f929234bfdf98d6c6d0,2025-10-03T22:19:37Z,2,,900b619e920e4e0bbbe78575966382c2
spotify:track:68uuz61IqrSJjO6ffO3yHc,e305e2cab85b4f929234bfdf98d6c6d0,2025-10-03T22:19:37Z,2,,900b619e920e4e0bbbe78575966382c2
spotify:track:7D3Q7QFN6aUuIMewijFtjl,e305e2cab85b4f929234bfdf98d6c6d0,2025-10-03T22:19:37Z,3,,900b619e920e4e0bbbe78575966382c2
spotify:track:0aa5ab14xrlJm3GEmwDdtc,8488014f1ae545f5b57a9e641f9b1ace,2025-10-04T01:34:11Z,2,,900b619e920e4e0bbbe78575966382c2
spotify:track:0NH8wNkvyxJpiNdT1qQrl1,8488014f1ae545f5b57a9e641f9b1ace,2025-10-04T01:34:11Z,4,,900b619e920e4e0bbbe78575966382c2
spotify:track:0x6VBqyMpg9wVYh1e4slMh,8488014f1ae545f5b57a9e641f9b1ace,2025-10-04T01:34:11Z,5,,900b619e920e4e0bbbe78575966382c2
spotify:track:2pl1aMLPcte0dHWHSJ1mr0,8488014f1ae545f5b57a9e641f9b1ace,2025-10-04T01:34:11Z,4,"Woof. Bad day, mate! ",900b619e920e4e0bbbe78575966382c2
spotify:track:40eMog6sMpHs3TA26pRaaq,8488014f1ae545f5b57a9e641f9b1ace,2025-10-04T01:34:11Z,1,Fuck. I wanna hate this but I kind of love it. ,900b619e920e4e0bbbe78575966382c2
spotify:track:4no1bVGLUhgFEOQY3gb8lv,8488014f1ae545f5b57a9e641f9b1ace,2025-10-04T01:34:11Z,2,"I'm glad he ended up going on Larry Wilmore's show to talk shit about Donnie before he passed. On a side note, it's crazy how this blend of vocal and beat sounds like a Girl Talk song ",900b619e920e4e0bbbe78575966382c2
spotify:track:4sxVoAf7uvxCSgTCRNDohP,8488014f1ae545f5b57a9e641f9b1ace,2025-10-04T01:34:11Z,2,,900b619e920e4e0bbbe78575966382c2
spotify:track:5lta8QT673oM7dvMdwuOSc,8488014f1ae545f5b57a9e641f9b1ace,2025-10-04T01:34:11Z,2,,900b619e920e4e0bbbe78575966382c2
spotify:track:5qHYXcVvc9xsFB2uH7GpMN,8488014f1ae545f5b57a9e641f9b1ace,2025-10-04T01:34:11Z,7,"Obvious pick, but no less correct. Such a bummer how horrifically bad this is",900b619e920e4e0bbbe78575966382c2
spotify:track:68uuz61IqrSJjO6ffO3yHc,8488014f1ae545f5b57a9e641f9b1ace,2025-10-04T01:34:11Z,1,Works too well in movie scenes for me to hate ,900b619e920e4e0bbbe78575966382c2
spotify:track:0aa5ab14xrlJm3GEmwDdtc,2ec875e45c3449718c71af2281043ff5,2025-10-04T19:54:33Z,2,,900b619e920e4e0bbbe78575966382c2
spotify:track:0NH8wNkvyxJpiNdT1qQrl1,2ec875e45c3449718c71af2281043ff5,2025-10-04T19:54:33Z,3,,900b619e920e4e0bbbe78575966382c2
spotify:track:0x6VBqyMpg9wVYh1e4slMh,2ec875e45c3449718c71af2281043ff5,2025-10-04T19:54:33Z,4,,900b619e920e4e0bbbe78575966382c2
spotify:track:2pl1aMLPcte0dHWHSJ1mr0,2ec875e45c3449718c71af2281043ff5,2025-10-04T19:54:33Z,2,,900b619e920e4e0bbbe78575966382c2
spotify:track:40eMog6sMpHs3TA26pRaaq,2ec875e45c3449718c71af2281043ff5,2025-10-04T19:54:33Z,7,,900b619e920e4e0bbbe78575966382c2
spotify:track:4sxVoAf7uvxCSgTCRNDohP,2ec875e45c3449718c71af2281043ff5,2025-10-04T19:54:33Z,2,,900b619e920e4e0bbbe78575966382c2
spotify:track:5lta8QT673oM7dvMdwuOSc,2ec875e45c3449718c71af2281043ff5,2025-10-04T19:54:33Z,3,,900b619e920e4e0bbbe78575966382c2
spotify:track:68uuz61IqrSJjO6ffO3yHc,2ec875e45c3449718c71af2281043ff5,2025-10-04T19:54:33Z,5,,900b619e920e4e0bbbe78575966382c2
spotify:track:7D3Q7QFN6aUuIMewijFtjl,2ec875e45c3449718c71af2281043ff5,2025-10-04T19:54:33Z,2,,900b619e920e4e0bbbe78575966382c2
spotify:track:0aa5ab14xrlJm3GEmwDdtc,58386a2a504f4fd08caed77112bedc82,2025-10-05T02:07:27Z,5,Hate it.,900b619e920e4e0bbbe78575966382c2
spotify:track:0x6VBqyMpg9wVYh1e4slMh,58386a2a504f4fd08caed77112bedc82,2025-10-05T02:07:27Z,5,This should have been the end credit sequence in A Complete Unknown like Thanos,900b619e920e4e0bbbe78575966382c2
spotify:track:4no1bVGLUhgFEOQY3gb8lv,58386a2a504f4fd08caed77112bedc82,2025-10-05T02:07:27Z,5,Fuck.,900b619e920e4e0bbbe78575966382c2
spotify:track:4sxVoAf7uvxCSgTCRNDohP,58386a2a504f4fd08caed77112bedc82,2025-10-05T02:07:27Z,5,Christ.,900b619e920e4e0bbbe78575966382c2
spotify:track:7D3Q7QFN6aUuIMewijFtjl,58386a2a504f4fd08caed77112bedc82,2025-10-05T02:07:27Z,10,I love Nas but fuck me.,900b619e920e4e0bbbe78575966382c2
spotify:track:0j5FJJOmmnXPd0XajFWkMF,9885fc6ccffc4dd198f2ba810d533ea6,2025-10-09T16:32:35Z,2,,522b13ba04ec4642aecfa1348d277da0
spotify:track:57alg3giwMZtJ1Xna8YACx,9885fc6ccffc4dd198f2ba810d533ea6,2025-10-09T16:32:35Z,0,Cinderella is the most glam rock band name I’ve ever heard in my life.,522b13ba04ec4642aecfa1348d277da0
spotify:track:3Zg3CUlhF033CIndULylsj,9885fc6ccffc4dd198f2ba810d533ea6,2025-10-09T16:32:35Z,2,,522b13ba04ec4642aecfa1348d277da0
spotify:track:3pT5vtG177l2jrxpPy76jB,9885fc6ccffc4dd198f2ba810d533ea6,2025-10-09T16:32:35Z,5,,522b13ba04ec4642aecfa1348d277da0
spotify:track:32xXojNvbRTQ9qfb3mWR69,9885fc6ccffc4dd198f2ba810d533ea6,2025-10-09T16:32:35Z,2,,522b13ba04ec4642aecfa1348d277da0
spotify:track:2uO57D5iy4YJ9eMcbnlY8y,9885fc6ccffc4dd198f2ba810d533ea6,2025-10-09T16:32:35Z,5,,522b13ba04ec4642aecfa1348d277da0
spotify:track:2ihCaVdNZmnHZWt0fvAM7B,9885fc6ccffc4dd198f2ba810d533ea6,2025-10-09T16:32:35Z,4,,522b13ba04ec4642aecfa1348d277da0
spotify:track:2FUbcMABnIHuW7NmAhCKDA,9885fc6ccffc4dd198f2ba810d533ea6,2025-10-09T16:32:35Z,2,,522b13ba04ec4642aecfa1348d277da0
spotify:track:14Xp70u5gSdGhr1sSru0cA,9885fc6ccffc4dd198f2ba810d533ea6,2025-10-09T16:32:35Z,6,,522b13ba04ec4642aecfa1348d277da0
spotify:track:0no6dJl9o1dLUmA6q2UsiY,9885fc6ccffc4dd198f2ba810d533ea6,2025-10-09T16:32:35Z,2,,522b13ba04ec4642aecfa1348d277da0
spotify:track:3pT5vtG177l2jrxpPy76jB,58386a2a504f4fd08caed77112bedc82,2025-10-10T03:23:43Z,5,,522b13ba04ec4642aecfa1348d277da0
spotify:track:0no6dJl9o1dLUmA6q2UsiY,58386a2a504f4fd08caed77112bedc82,2025-10-10T03:23:43Z,3,,522b13ba04ec4642aecfa1348d277da0
spotify:track:14Xp70u5gSdGhr1sSru0cA,58386a2a504f4fd08caed77112bedc82,2025-10-10T03:23:43Z,10,Jeez. That's really good,522b13ba04ec4642aecfa1348d277da0
spotify:track:2FUbcMABnIHuW7NmAhCKDA,58386a2a504f4fd08caed77112bedc82,2025-10-10T03:23:43Z,0,"No, thank you",522b13ba04ec4642aecfa1348d277da0
spotify:track:2h0O3uXZW6ClktlgHWGpjy,58386a2a504f4fd08caed77112bedc82,2025-10-10T03:23:43Z,1,,522b13ba04ec4642aecfa1348d277da0
spotify:track:2ihCaVdNZmnHZWt0fvAM7B,58386a2a504f4fd08caed77112bedc82,2025-10-10T03:23:43Z,5,,522b13ba04ec4642aecfa1348d277da0
spotify:track:2uO57D5iy4YJ9eMcbnlY8y,58386a2a504f4fd08caed77112bedc82,2025-10-10T03:23:43Z,3,,522b13ba04ec4642aecfa1348d277da0
spotify:track:32xXojNvbRTQ9qfb3mWR69,58386a2a504f4fd08caed77112bedc82,2025-10-10T03:23:43Z,3,,522b13ba04ec4642aecfa1348d277da0
spotify:track:3Zg3CUlhF033CIndULylsj,d16b02d16f77415da273094af63d462e,2025-10-10T07:19:06Z,6,,522b13ba04ec4642aecfa1348d277da0
spotify:track:57alg3giwMZtJ1Xna8YACx,d16b02d16f77415da273094af63d462e,2025-10-10T07:19:06Z,1,,522b13ba04ec4642aecfa1348d277da0
spotify:track:0j5FJJOmmnXPd0XajFWkMF,d16b02d16f77415da273094af63d462e,2025-10-10T07:19:06Z,1,,522b13ba04ec4642aecfa1348d277da0
spotify:track:0no6dJl9o1dLUmA6q2UsiY,d16b02d16f77415da273094af63d462e,2025-10-10T07:19:06Z,1,"Man they're gonna flip when they hear about ELO. I was going to make this joke with Walter Mitty's Makeshift Orchestra, but they won't hear about that one.",522b13ba04ec4642aecfa1348d277da0
spotify:track:14Xp70u5gSdGhr1sSru0cA,d16b02d16f77415da273094af63d462e,2025-10-10T07:19:06Z,7,,522b13ba04ec4642aecfa1348d277da0
spotify:track:2h0O3uXZW6ClktlgHWGpjy,d16b02d16f77415da273094af63d462e,2025-10-10T07:19:06Z,5,"I guess I see what you mean AS LONG AS you don't know that Slaughter Beach is in Delaware. It's a pretty aggressively mid-atlantic band, after all.",522b13ba04ec4642aecfa1348d277da0
spotify:track:2ihCaVdNZmnHZWt0fvAM7B,d16b02d16f77415da273094af63d462e,2025-10-10T07:19:06Z,2,,522b13ba04ec4642aecfa1348d277da0
spotify:track:2uO57D5iy4YJ9eMcbnlY8y,d16b02d16f77415da273094af63d462e,2025-10-10T07:19:06Z,0,"For a few of these it's like, the juxtaposition is there, but it's a juxtaposition that is very much in keeping with what they are. This is exactly the sound I expect from a band that has a long-ass, vaguely literary-sounding name with a fucking ellipsis in it. At that point it almost doesn't matter what the actual words are",522b13ba04ec4642aecfa1348d277da0
spotify:track:32xXojNvbRTQ9qfb3mWR69,d16b02d16f77415da273094af63d462e,2025-10-10T07:19:06Z,3,,522b13ba04ec4642aecfa1348d277da0
spotify:track:3pT5vtG177l2jrxpPy76jB,d16b02d16f77415da273094af63d462e,2025-10-10T07:19:06Z,4,,522b13ba04ec4642aecfa1348d277da0
spotify:track:2ihCaVdNZmnHZWt0fvAM7B,1dacffd0545140b2970d73e29fe6cf33,2025-10-10T11:58:14Z,4,,522b13ba04ec4642aecfa1348d277da0
spotify:track:0j5FJJOmmnXPd0XajFWkMF,1dacffd0545140b2970d73e29fe6cf33,2025-10-10T11:58:14Z,1,,522b13ba04ec4642aecfa1348d277da0
spotify:track:0no6dJl9o1dLUmA6q2UsiY,1dacffd0545140b2970d73e29fe6cf33,2025-10-10T11:58:14Z,5,,522b13ba04ec4642aecfa1348d277da0
spotify:track:14Xp70u5gSdGhr1sSru0cA,1dacffd0545140b2970d73e29fe6cf33,2025-10-10T11:58:14Z,3,,522b13ba04ec4642aecfa1348d277da0
spotify:track:2FUbcMABnIHuW7NmAhCKDA,1dacffd0545140b2970d73e29fe6cf33,2025-10-10T11:58:14Z,2,,522b13ba04ec4642aecfa1348d277da0
spotify:track:2h0O3uXZW6ClktlgHWGpjy,1dacffd0545140b2970d73e29fe6cf33,2025-10-10T11:58:14Z,3,,522b13ba04ec4642aecfa1348d277da0
spotify:track:2uO57D5iy4YJ9eMcbnlY8y,1dacffd0545140b2970d73e29fe6cf33,2025-10-10T11:58:14Z,2,,522b13ba04ec4642aecfa1348d277da0
spotify:track:32xXojNvbRTQ9qfb3mWR69,1dacffd0545140b2970d73e29fe6cf33,2025-10-10T11:58:14Z,7,,522b13ba04ec4642aecfa1348d277da0
spotify:track:3pT5vtG177l2jrxpPy76jB,1dacffd0545140b2970d73e29fe6cf33,2025-10-10T11:58:14Z,3,,522b13ba04ec4642aecfa1348d277da0
spotify:track:0j5FJJOmmnXPd0XajFWkMF,8488014f1ae545f5b57a9e641f9b1ace,2025-10-10T16:59:32Z,1,"Sorry, it's always fit so well for me ",522b13ba04ec4642aecfa1348d277da0
spotify:track:0no6dJl9o1dLUmA6q2UsiY,8488014f1ae545f5b57a9e641f9b1ace,2025-10-10T16:59:32Z,1,,522b13ba04ec4642aecfa1348d277da0
spotify:track:14Xp70u5gSdGhr1sSru0cA,8488014f1ae545f5b57a9e641f9b1ace,2025-10-10T16:59:32Z,8,Nailed the assignment. Just flawless ,522b13ba04ec4642aecfa1348d277da0
spotify:track:2FUbcMABnIHuW7NmAhCKDA,8488014f1ae545f5b57a9e641f9b1ace,2025-10-10T16:59:32Z,4,,522b13ba04ec4642aecfa1348d277da0
spotify:track:57alg3giwMZtJ1Xna8YACx,8488014f1ae545f5b57a9e641f9b1ace,2025-10-10T16:59:32Z,1,,522b13ba04ec4642aecfa1348d277da0
spotify:track:2h0O3uXZW6ClktlgHWGpjy,8488014f1ae545f5b57a9e641f9b1ace,2025-10-10T16:59:32Z,3,,522b13ba04ec4642aecfa1348d277da0
spotify:track:2ihCaVdNZmnHZWt0fvAM7B,8488014f1ae545f5b57a9e641f9b1ace,2025-10-10T16:59:32Z,1,I don't think the name sounds that metal but you get points for your thoughtful words and conviction ,522b13ba04ec4642aecfa1348d277da0
spotify:track:2uO57D5iy4YJ9eMcbnlY8y,8488014f1ae545f5b57a9e641f9b1ace,2025-10-10T16:59:32Z,2,"I don't disagree all that much with what you're saying, but they're also way punkier than you mention, and there's something very metal about them that I can't explain, but just feel as a fanatic of theirs ",522b13ba04ec4642aecfa1348d277da0
spotify:track:3pT5vtG177l2jrxpPy76jB,8488014f1ae545f5b57a9e641f9b1ace,2025-10-10T16:59:32Z,4,,522b13ba04ec4642aecfa1348d277da0
spotify:track:3Zg3CUlhF033CIndULylsj,8488014f1ae545f5b57a9e641f9b1ace,2025-10-10T16:59:32Z,5,"I personally think it sounds like a nerdy rapper, but the argument stands regardless. Great job! ",522b13ba04ec4642aecfa1348d277da0
spotify:track:57alg3giwMZtJ1Xna8YACx,e305e2cab85b4f929234bfdf98d6c6d0,2025-10-10T21:37:56Z,2,,522b13ba04ec4642aecfa1348d277da0
spotify:track:0j5FJJOmmnXPd0XajFWkMF,e305e2cab85b4f929234bfdf98d6c6d0,2025-10-10T21:37:56Z,2,,522b13ba04ec4642aecfa1348d277da0
spotify:track:0no6dJl9o1dLUmA6q2UsiY,e305e2cab85b4f929234bfdf98d6c6d0,2025-10-10T21:37:56Z,1,,522b13ba04ec4642aecfa1348d277da0
spotify:track:14Xp70u5gSdGhr1sSru0cA,e305e2cab85b4f929234bfdf98d6c6d0,2025-10-10T21:37:56Z,7,,522b13ba04ec4642aecfa1348d277da0
spotify:track:2FUbcMABnIHuW7NmAhCKDA,e305e2cab85b4f929234bfdf98d6c6d0,2025-10-10T21:37:56Z,2,,522b13ba04ec4642aecfa1348d277da0
spotify:track:2h0O3uXZW6ClktlgHWGpjy,e305e2cab85b4f929234bfdf98d6c6d0,2025-10-10T21:37:56Z,2,,522b13ba04ec4642aecfa1348d277da0
spotify:track:2ihCaVdNZmnHZWt0fvAM7B,e305e2cab85b4f929234bfdf98d6c6d0,2025-10-10T21:37:56Z,2,,522b13ba04ec4642aecfa1348d277da0
spotify:track:2uO57D5iy4YJ9eMcbnlY8y,e305e2cab85b4f929234bfdf98d6c6d0,2025-10-10T21:37:56Z,1,,522b13ba04ec4642aecfa1348d277da0
spotify:track:32xXojNvbRTQ9qfb3mWR69,e305e2cab85b4f929234bfdf98d6c6d0,2025-10-10T21:37:56Z,3,,522b13ba04ec4642aecfa1348d277da0
spotify:track:3Zg3CUlhF033CIndULylsj,e305e2cab85b4f929234bfdf98d6c6d0,2025-10-10T21:37:56Z,8,,522b13ba04ec4642aecfa1348d277da0
spotify:track:32xXojNvbRTQ9qfb3mWR69,f0210a760ed4406e838b0b2e03fc2a7e,2025-10-11T04:21:55Z,2,Haha,522b13ba04ec4642aecfa1348d277da0
spotify:track:3Zg3CUlhF033CIndULylsj,f0210a760ed4406e838b0b2e03fc2a7e,2025-10-11T04:21:55Z,1,This didn’t do it for me as far as the assignment goes. But I gave it a point bc it wasn’t “this should be a metal band but isn’t” ,522b13ba04ec4642aecfa1348d277da0
spotify:track:2uO57D5iy4YJ9eMcbnlY8y,f0210a760ed4406e838b0b2e03fc2a7e,2025-10-11T04:21:55Z,3,I remember these guys. Vaguely.,522b13ba04ec4642aecfa1348d277da0
spotify:track:2ihCaVdNZmnHZWt0fvAM7B,f0210a760ed4406e838b0b2e03fc2a7e,2025-10-11T04:21:55Z,0,Never listened to this band. I might keep it that way.,522b13ba04ec4642aecfa1348d277da0
spotify:track:2h0O3uXZW6ClktlgHWGpjy,f0210a760ed4406e838b0b2e03fc2a7e,2025-10-11T04:21:55Z,4,"Aw, gentle.",522b13ba04ec4642aecfa1348d277da0
spotify:track:2FUbcMABnIHuW7NmAhCKDA,f0210a760ed4406e838b0b2e03fc2a7e,2025-10-11T04:21:55Z,2,God I hate ska. But okay.,522b13ba04ec4642aecfa1348d277da0
spotify:track:14Xp70u5gSdGhr1sSru0cA,f0210a760ed4406e838b0b2e03fc2a7e,2025-10-11T04:21:55Z,5,Perfect.,522b13ba04ec4642aecfa1348d277da0
spotify:track:0no6dJl9o1dLUmA6q2UsiY,f0210a760ed4406e838b0b2e03fc2a7e,2025-10-11T04:21:55Z,5,I’m one of those people. Or was!,522b13ba04ec4642aecfa1348d277da0
spotify:track:0j5FJJOmmnXPd0XajFWkMF,f0210a760ed4406e838b0b2e03fc2a7e,2025-10-11T04:21:55Z,5,True. This is true.,522b13ba04ec4642aecfa1348d277da0
spotify:track:3pT5vtG177l2jrxpPy76jB,f0210a760ed4406e838b0b2e03fc2a7e,2025-10-11T04:21:55Z,3,,522b13ba04ec4642aecfa1348d277da0
spotify:track:0j5FJJOmmnXPd0XajFWkMF,fd4c3b50daf548ffa16be6f215d5b883,2025-10-11T13:50:53Z,1,"I don't know if I agree with you on this one really, I don't think it's really opposite",522b13ba04ec4642aecfa1348d277da0
spotify:track:57alg3giwMZtJ1Xna8YACx,fd4c3b50daf548ffa16be6f215d5b883,2025-10-11T13:50:53Z,1,Is glam rock not full of princesses? ,522b13ba04ec4642aecfa1348d277da0
spotify:track:3Zg3CUlhF033CIndULylsj,fd4c3b50daf548ffa16be6f215d5b883,2025-10-11T13:50:53Z,1,That's hilarious that it's just her name but like her name defines her own sound no?? ,522b13ba04ec4642aecfa1348d277da0
spotify:track:3pT5vtG177l2jrxpPy76jB,fd4c3b50daf548ffa16be6f215d5b883,2025-10-11T13:50:53Z,5,"Hilarious, brilliant",522b13ba04ec4642aecfa1348d277da0
spotify:track:32xXojNvbRTQ9qfb3mWR69,fd4c3b50daf548ffa16be6f215d5b883,2025-10-11T13:50:53Z,7,Great call!!!! ,522b13ba04ec4642aecfa1348d277da0
spotify:track:2uO57D5iy4YJ9eMcbnlY8y,fd4c3b50daf548ffa16be6f215d5b883,2025-10-11T13:50:53Z,4,I agree that i was definitely expecting to hear something different based on the name,522b13ba04ec4642aecfa1348d277da0
spotify:track:2h0O3uXZW6ClktlgHWGpjy,fd4c3b50daf548ffa16be6f215d5b883,2025-10-11T13:50:53Z,1,"Just a bad band name, innit. I DON'T GIVE A TOOT",522b13ba04ec4642aecfa1348d277da0
spotify:track:2FUbcMABnIHuW7NmAhCKDA,fd4c3b50daf548ffa16be6f215d5b883,2025-10-11T13:50:53Z,4,Well ska is for nerds so it isn't too outlandish but I do see your point and it definitely isn't what I expected to hear,522b13ba04ec4642aecfa1348d277da0
spotify:track:14Xp70u5gSdGhr1sSru0cA,fd4c3b50daf548ffa16be6f215d5b883,2025-10-11T13:50:53Z,6,I NEARLY SUBMITTED THIS!!! High points. Dead on,522b13ba04ec4642aecfa1348d277da0
spotify:track:0no6dJl9o1dLUmA6q2UsiY,fd4c3b50daf548ffa16be6f215d5b883,2025-10-11T13:50:53Z,0,No they don't. Sorry now but... pics or it didn't happen,522b13ba04ec4642aecfa1348d277da0
spotify:track:0j5FJJOmmnXPd0XajFWkMF,bdd60b40c4ca4c78a0cbf518560cd06c,2025-10-11T17:27:42Z,3,Good call,522b13ba04ec4642aecfa1348d277da0
spotify:track:0no6dJl9o1dLUmA6q2UsiY,bdd60b40c4ca4c78a0cbf518560cd06c,2025-10-11T17:27:42Z,4,It could also be like symphonic black metal,522b13ba04ec4642aecfa1348d277da0
spotify:track:14Xp70u5gSdGhr1sSru0cA,bdd60b40c4ca4c78a0cbf518560cd06c,2025-10-11T17:27:42Z,6,,522b13ba04ec4642aecfa1348d277da0
spotify:track:2FUbcMABnIHuW7NmAhCKDA,bdd60b40c4ca4c78a0cbf518560cd06c,2025-10-11T17:27:42Z,1,"Eh, nerd name. Ska can be nerd stuff too.",522b13ba04ec4642aecfa1348d277da0
spotify:track:2h0O3uXZW6ClktlgHWGpjy,bdd60b40c4ca4c78a0cbf518560cd06c,2025-10-11T17:27:42Z,4,,522b13ba04ec4642aecfa1348d277da0
spotify:track:2ihCaVdNZmnHZWt0fvAM7B,bdd60b40c4ca4c78a0cbf518560cd06c,2025-10-11T17:27:42Z,2,,522b13ba04ec4642aecfa1348d277da0
spotify:track:32xXojNvbRTQ9qfb3mWR69,bdd60b40c4ca4c78a0cbf518560cd06c,2025-10-11T17:27:42Z,1,,522b13ba04ec4642aecfa1348d277da0
spotify:track:3pT5vtG177l2jrxpPy76jB,bdd60b40c4ca4c78a0cbf518560cd06c,2025-10-11T17:27:42Z,5,"I would love to hear this sludge metal band, great name. ",522b13ba04ec4642aecfa1348d277da0
spotify:track:3Zg3CUlhF033CIndULylsj,bdd60b40c4ca4c78a0cbf518560cd06c,2025-10-11T17:27:42Z,3,,522b13ba04ec4642aecfa1348d277da0
spotify:track:57alg3giwMZtJ1Xna8YACx,bdd60b40c4ca4c78a0cbf518560cd06c,2025-10-11T17:27:42Z,1,,522b13ba04ec4642aecfa1348d277da0
spotify:track:0j5FJJOmmnXPd0XajFWkMF,5be35bf564744df2a445fae855878c05,2025-10-11T17:41:11Z,3,,522b13ba04ec4642aecfa1348d277da0
spotify:track:0no6dJl9o1dLUmA6q2UsiY,5be35bf564744df2a445fae855878c05,2025-10-11T17:41:11Z,3,,522b13ba04ec4642aecfa1348d277da0
spotify:track:2FUbcMABnIHuW7NmAhCKDA,5be35bf564744df2a445fae855878c05,2025-10-11T17:41:11Z,4,,522b13ba04ec4642aecfa1348d277da0
spotify:track:2h0O3uXZW6ClktlgHWGpjy,5be35bf564744df2a445fae855878c05,2025-10-11T17:41:11Z,4,,522b13ba04ec4642aecfa1348d277da0
spotify:track:2ihCaVdNZmnHZWt0fvAM7B,5be35bf564744df2a445fae855878c05,2025-10-11T17:41:11Z,1,,522b13ba04ec4642aecfa1348d277da0
spotify:track:2uO57D5iy4YJ9eMcbnlY8y,5be35bf564744df2a445fae855878c05,2025-10-11T17:41:11Z,3,,522b13ba04ec4642aecfa1348d277da0
spotify:track:32xXojNvbRTQ9qfb3mWR69,5be35bf564744df2a445fae855878c05,2025-10-11T17:41:11Z,1,,522b13ba04ec4642aecfa1348d277da0
spotify:track:3pT5vtG177l2jrxpPy76jB,5be35bf564744df2a445fae855878c05,2025-10-11T17:41:11Z,5,,522b13ba04ec4642aecfa1348d277da0
spotify:track:3Zg3CUlhF033CIndULylsj,5be35bf564744df2a445fae855878c05,2025-10-11T17:41:11Z,4,,522b13ba04ec4642aecfa1348d277da0
spotify:track:57alg3giwMZtJ1Xna8YACx,5be35bf564744df2a445fae855878c05,2025-10-11T17:41:11Z,2,,522b13ba04ec4642aecfa1348d277da0
spotify:track:0j5FJJOmmnXPd0XajFWkMF,2ec875e45c3449718c71af2281043ff5,2025-10-11T18:08:47Z,6,,522b13ba04ec4642aecfa1348d277da0
spotify:track:14Xp70u5gSdGhr1sSru0cA,2ec875e45c3449718c71af2281043ff5,2025-10-11T18:08:47Z,2,,522b13ba04ec4642aecfa1348d277da0
spotify:track:57alg3giwMZtJ1Xna8YACx,2ec875e45c3449718c71af2281043ff5,2025-10-11T18:08:47Z,2,,522b13ba04ec4642aecfa1348d277da0
spotify:track:3Zg3CUlhF033CIndULylsj,2ec875e45c3449718c71af2281043ff5,2025-10-11T18:08:47Z,3,,522b13ba04ec4642aecfa1348d277da0
spotify:track:3pT5vtG177l2jrxpPy76jB,2ec875e45c3449718c71af2281043ff5,2025-10-11T18:08:47Z,5,,522b13ba04ec4642aecfa1348d277da0
spotify:track:32xXojNvbRTQ9qfb3mWR69,2ec875e45c3449718c71af2281043ff5,2025-10-11T18:08:47Z,4,,522b13ba04ec4642aecfa1348d277da0
spotify:track:2uO57D5iy4YJ9eMcbnlY8y,2ec875e45c3449718c71af2281043ff5,2025-10-11T18:08:47Z,2,,522b13ba04ec4642aecfa1348d277da0
spotify:track:2ihCaVdNZmnHZWt0fvAM7B,2ec875e45c3449718c71af2281043ff5,2025-10-11T18:08:47Z,1,,522b13ba04ec4642aecfa1348d277da0
spotify:track:2h0O3uXZW6ClktlgHWGpjy,2ec875e45c3449718c71af2281043ff5,2025-10-11T18:08:47Z,2,,522b13ba04ec4642aecfa1348d277da0
spotify:track:2FUbcMABnIHuW7NmAhCKDA,2ec875e45c3449718c71af2281043ff5,2025-10-11T18:08:47Z,3,,522b13ba04ec4642aecfa1348d277da0
spotify:track:0BuHt4GZ9uqDtPxUsYfEsy,8488014f1ae545f5b57a9e641f9b1ace,2025-10-16T05:30:34Z,1,This reminds me of Tom Jones rapping over Imagine Dragons or something. Sorry. Simply did not connect with this one ,5eaa0409ea0448238f7b814cba6057be
spotify:track:1KpAjuTO2M9eYnaGz6uoTc,8488014f1ae545f5b57a9e641f9b1ace,2025-10-16T05:30:34Z,2,Catchy as all get out but this is a bit whiner than I'm used to them being ,5eaa0409ea0448238f7b814cba6057be
spotify:track:32Qk0v1WBkwKpfeSx0lZwO,8488014f1ae545f5b57a9e641f9b1ace,2025-10-16T05:30:34Z,0,"Every time I hear this, it surprises me, and I love it more ",5eaa0409ea0448238f7b814cba6057be
spotify:track:3h3w6L6AW4qJ5MC5iMzA0z,8488014f1ae545f5b57a9e641f9b1ace,2025-10-16T05:30:34Z,7,"Well it's new to me, and I fucking love it. This was definitely made for folks like me. ",5eaa0409ea0448238f7b814cba6057be
spotify:track:3znSvEwBq09We4cxxmwlZM,8488014f1ae545f5b57a9e641f9b1ace,2025-10-16T05:30:34Z,2,,5eaa0409ea0448238f7b814cba6057be
spotify:track:4qreB9roqaKqNYfvsBmXSX,8488014f1ae545f5b57a9e641f9b1ace,2025-10-16T05:30:34Z,3,,5eaa0409ea0448238f7b814cba6057be
spotify:track:4Ze7DFjyVa0smRqY2Fxcnz,8488014f1ae545f5b57a9e641f9b1ace,2025-10-16T05:30:34Z,3,,5eaa0409ea0448238f7b814cba6057be
spotify:track:4ZnNhEo1CDeo9P4Qk7rNjW,8488014f1ae545f5b57a9e641f9b1ace,2025-10-16T05:30:34Z,5,,5eaa0409ea0448238f7b814cba6057be
spotify:track:5iiu7LnrvAOdPJD6V9mhHZ,8488014f1ae545f5b57a9e641f9b1ace,2025-10-16T05:30:34Z,2,,5eaa0409ea0448238f7b814cba6057be
spotify:track:67YFLZmFib2iRLXiCt8dr1,8488014f1ae545f5b57a9e641f9b1ace,2025-10-16T05:30:34Z,1,,5eaa0409ea0448238f7b814cba6057be
spotify:track:6dGpf7aHHf3FcjBZLNE0wg,8488014f1ae545f5b57a9e641f9b1ace,2025-10-16T05:30:34Z,4,This sounds like a more jangly Luna (compliment) ,5eaa0409ea0448238f7b814cba6057be
spotify:track:0BuHt4GZ9uqDtPxUsYfEsy,bdd60b40c4ca4c78a0cbf518560cd06c,2025-10-17T02:15:37Z,0,but... this is from 2024,5eaa0409ea0448238f7b814cba6057be
spotify:track:1KpAjuTO2M9eYnaGz6uoTc,bdd60b40c4ca4c78a0cbf518560cd06c,2025-10-17T02:15:37Z,4,I recently got a Beths starter guide. good stuff.,5eaa0409ea0448238f7b814cba6057be
spotify:track:32Qk0v1WBkwKpfeSx0lZwO,bdd60b40c4ca4c78a0cbf518560cd06c,2025-10-17T02:15:37Z,7,HEY!!! I hope you gave me points for this when I submitted this a few rounds ago. I will be fact checking. ,5eaa0409ea0448238f7b814cba6057be
spotify:track:3h3w6L6AW4qJ5MC5iMzA0z,bdd60b40c4ca4c78a0cbf518560cd06c,2025-10-17T02:15:37Z,3,"> I also considered the new Format release
Same! I just figured it wasn't a hidden gem.",5eaa0409ea0448238f7b814cba6057be
spotify:track:3znSvEwBq09We4cxxmwlZM,bdd60b40c4ca4c78a0cbf518560cd06c,2025-10-17T02:15:37Z,2,not a hidden gem but a good song,5eaa0409ea0448238f7b814cba6057be
spotify:track:4qreB9roqaKqNYfvsBmXSX,bdd60b40c4ca4c78a0cbf518560cd06c,2025-10-17T02:15:37Z,4,,5eaa0409ea0448238f7b814cba6057be
spotify:track:4ZnNhEo1CDeo9P4Qk7rNjW,bdd60b40c4ca4c78a0cbf518560cd06c,2025-10-17T02:15:37Z,4,,5eaa0409ea0448238f7b814cba6057be
spotify:track:5iiu7LnrvAOdPJD6V9mhHZ,bdd60b40c4ca4c78a0cbf518560cd06c,2025-10-17T02:15:37Z,1,,5eaa0409ea0448238f7b814cba6057be
spotify:track:67YFLZmFib2iRLXiCt8dr1,bdd60b40c4ca4c78a0cbf518560cd06c,2025-10-17T02:15:37Z,2,,5eaa0409ea0448238f7b814cba6057be
spotify:track:6dGpf7aHHf3FcjBZLNE0wg,bdd60b40c4ca4c78a0cbf518560cd06c,2025-10-17T02:15:37Z,3,,5eaa0409ea0448238f7b814cba6057be
spotify:track:1KpAjuTO2M9eYnaGz6uoTc,1dacffd0545140b2970d73e29fe6cf33,2025-10-17T21:42:56Z,6,,5eaa0409ea0448238f7b814cba6057be
spotify:track:32Qk0v1WBkwKpfeSx0lZwO,1dacffd0545140b2970d73e29fe6cf33,2025-10-17T21:42:56Z,5,,5eaa0409ea0448238f7b814cba6057be
spotify:track:3h3w6L6AW4qJ5MC5iMzA0z,1dacffd0545140b2970d73e29fe6cf33,2025-10-17T21:42:56Z,2,,5eaa0409ea0448238f7b814cba6057be
spotify:track:3znSvEwBq09We4cxxmwlZM,1dacffd0545140b2970d73e29fe6cf33,2025-10-17T21:42:56Z,5,,5eaa0409ea0448238f7b814cba6057be
spotify:track:4ZnNhEo1CDeo9P4Qk7rNjW,1dacffd0545140b2970d73e29fe6cf33,2025-10-17T21:42:56Z,5,,5eaa0409ea0448238f7b814cba6057be
spotify:track:6dGpf7aHHf3FcjBZLNE0wg,1dacffd0545140b2970d73e29fe6cf33,2025-10-17T21:42:56Z,7,,5eaa0409ea0448238f7b814cba6057be
spotify:track:0BuHt4GZ9uqDtPxUsYfEsy,9885fc6ccffc4dd198f2ba810d533ea6,2025-10-18T00:31:16Z,0,Oh shit I hate this,5eaa0409ea0448238f7b814cba6057be
spotify:track:32Qk0v1WBkwKpfeSx0lZwO,9885fc6ccffc4dd198f2ba810d533ea6,2025-10-18T00:31:16Z,3,Oh shit this scares me,5eaa0409ea0448238f7b814cba6057be
spotify:track:3h3w6L6AW4qJ5MC5iMzA0z,9885fc6ccffc4dd198f2ba810d533ea6,2025-10-18T00:31:16Z,2,Oh shit I’m lukewarm about this,5eaa0409ea0448238f7b814cba6057be
spotify:track:3znSvEwBq09We4cxxmwlZM,9885fc6ccffc4dd198f2ba810d533ea6,2025-10-18T00:31:16Z,1,"Oh shit this is the opposite of hidden, but I still love this",5eaa0409ea0448238f7b814cba6057be
spotify:track:4qreB9roqaKqNYfvsBmXSX,9885fc6ccffc4dd198f2ba810d533ea6,2025-10-18T00:31:16Z,7,Oh shit I love this,5eaa0409ea0448238f7b814cba6057be
spotify:track:4Ze7DFjyVa0smRqY2Fxcnz,9885fc6ccffc4dd198f2ba810d533ea6,2025-10-18T00:31:16Z,3,Oh shit it’s okay ,5eaa0409ea0448238f7b814cba6057be
spotify:track:4ZnNhEo1CDeo9P4Qk7rNjW,9885fc6ccffc4dd198f2ba810d533ea6,2025-10-18T00:31:16Z,5,Oh shit I love this,5eaa0409ea0448238f7b814cba6057be
spotify:track:5iiu7LnrvAOdPJD6V9mhHZ,9885fc6ccffc4dd198f2ba810d533ea6,2025-10-18T00:31:16Z,2,Oh shit this is fine,5eaa0409ea0448238f7b814cba6057be
spotify:track:67YFLZmFib2iRLXiCt8dr1,9885fc6ccffc4dd198f2ba810d533ea6,2025-10-18T00:31:16Z,1,Oh shit this is okay,5eaa0409ea0448238f7b814cba6057be
spotify:track:6dGpf7aHHf3FcjBZLNE0wg,9885fc6ccffc4dd198f2ba810d533ea6,2025-10-18T00:31:16Z,6,Oh shit I love this,5eaa0409ea0448238f7b814cba6057be
spotify:track:0BuHt4GZ9uqDtPxUsYfEsy,fd4c3b50daf548ffa16be6f215d5b883,2025-10-18T10:21:02Z,7,That's what this ppl like!,5eaa0409ea0448238f7b814cba6057be
spotify:track:1KpAjuTO2M9eYnaGz6uoTc,fd4c3b50daf548ffa16be6f215d5b883,2025-10-18T10:21:02Z,4,"Really like this, it suffered from coming directly after the Mother Teresa banger on the playlist but a very nice tune",5eaa0409ea0448238f7b814cba6057be
spotify:track:32Qk0v1WBkwKpfeSx0lZwO,fd4c3b50daf548ffa16be6f215d5b883,2025-10-18T10:21:02Z,0,This is anxiety inducing,5eaa0409ea0448238f7b814cba6057be
spotify:track:3h3w6L6AW4qJ5MC5iMzA0z,fd4c3b50daf548ffa16be6f215d5b883,2025-10-18T10:21:02Z,5,"Omg! I haven't listened to La Dispute in years! And I am so happy to hear they have a new album! Thank you so much! This counts because I had no idea this existed. Also you are so right, it might just be the perfect La Dispute song",5eaa0409ea0448238f7b814cba6057be
spotify:track:3znSvEwBq09We4cxxmwlZM,fd4c3b50daf548ffa16be6f215d5b883,2025-10-18T10:21:02Z,1,"I absolutely have missed it. I like it but I do hate so much the referring to women as bitches, especially when it's so excessive. Sorry if that makes me sound like an absolute loser but I'm not going to lie to you people",5eaa0409ea0448238f7b814cba6057be
spotify:track:4qreB9roqaKqNYfvsBmXSX,fd4c3b50daf548ffa16be6f215d5b883,2025-10-18T10:21:02Z,3,This is really good!,5eaa0409ea0448238f7b814cba6057be
spotify:track:4Ze7DFjyVa0smRqY2Fxcnz,fd4c3b50daf548ffa16be6f215d5b883,2025-10-18T10:21:02Z,3,I had never heard of them and I'm very glad to be introduced!,5eaa0409ea0448238f7b814cba6057be
spotify:track:4ZnNhEo1CDeo9P4Qk7rNjW,fd4c3b50daf548ffa16be6f215d5b883,2025-10-18T10:21:02Z,2,I like it! I'm glad he knew to keep it short before it got boring,5eaa0409ea0448238f7b814cba6057be
spotify:track:67YFLZmFib2iRLXiCt8dr1,fd4c3b50daf548ffa16be6f215d5b883,2025-10-18T10:21:02Z,3,Aw yeah I'm on board,5eaa0409ea0448238f7b814cba6057be
spotify:track:6dGpf7aHHf3FcjBZLNE0wg,fd4c3b50daf548ffa16be6f215d5b883,2025-10-18T10:21:02Z,2,It's okay!,5eaa0409ea0448238f7b814cba6057be
spotify:track:1KpAjuTO2M9eYnaGz6uoTc,e305e2cab85b4f929234bfdf98d6c6d0,2025-10-18T22:05:17Z,4,,5eaa0409ea0448238f7b814cba6057be
spotify:track:4qreB9roqaKqNYfvsBmXSX,e305e2cab85b4f929234bfdf98d6c6d0,2025-10-18T22:05:17Z,4,,5eaa0409ea0448238f7b814cba6057be
spotify:track:4Ze7DFjyVa0smRqY2Fxcnz,e305e2cab85b4f929234bfdf98d6c6d0,2025-10-18T22:05:17Z,10,,5eaa0409ea0448238f7b814cba6057be
spotify:track:4ZnNhEo1CDeo9P4Qk7rNjW,e305e2cab85b4f929234bfdf98d6c6d0,2025-10-18T22:05:17Z,7,,5eaa0409ea0448238f7b814cba6057be
spotify:track:5iiu7LnrvAOdPJD6V9mhHZ,e305e2cab85b4f929234bfdf98d6c6d0,2025-10-18T22:05:17Z,1,,5eaa0409ea0448238f7b814cba6057be
spotify:track:6dGpf7aHHf3FcjBZLNE0wg,e305e2cab85b4f929234bfdf98d6c6d0,2025-10-18T22:05:17Z,4,,5eaa0409ea0448238f7b814cba6057be
spotify:track:0BuHt4GZ9uqDtPxUsYfEsy,58386a2a504f4fd08caed77112bedc82,2025-10-18T23:01:19Z,5,,5eaa0409ea0448238f7b814cba6057be
spotify:track:1KpAjuTO2M9eYnaGz6uoTc,58386a2a504f4fd08caed77112bedc82,2025-10-18T23:01:19Z,5,,5eaa0409ea0448238f7b814cba6057be
spotify:track:4qreB9roqaKqNYfvsBmXSX,58386a2a504f4fd08caed77112bedc82,2025-10-18T23:01:19Z,4,,5eaa0409ea0448238f7b814cba6057be
spotify:track:4Ze7DFjyVa0smRqY2Fxcnz,58386a2a504f4fd08caed77112bedc82,2025-10-18T23:01:19Z,5,,5eaa0409ea0448238f7b814cba6057be
spotify:track:5iiu7LnrvAOdPJD6V9mhHZ,58386a2a504f4fd08caed77112bedc82,2025-10-18T23:01:19Z,5,,5eaa0409ea0448238f7b814cba6057be
spotify:track:67YFLZmFib2iRLXiCt8dr1,58386a2a504f4fd08caed77112bedc82,2025-10-18T23:01:19Z,3,,5eaa0409ea0448238f7b814cba6057be
spotify:track:6dGpf7aHHf3FcjBZLNE0wg,58386a2a504f4fd08caed77112bedc82,2025-10-18T23:01:19Z,3,,5eaa0409ea0448238f7b814cba6057be
spotify:track:0BuHt4GZ9uqDtPxUsYfEsy,5be35bf564744df2a445fae855878c05,2025-10-19T00:57:03Z,5,,5eaa0409ea0448238f7b814cba6057be
spotify:track:1KpAjuTO2M9eYnaGz6uoTc,5be35bf564744df2a445fae855878c05,2025-10-19T00:57:03Z,2,,5eaa0409ea0448238f7b814cba6057be
spotify:track:32Qk0v1WBkwKpfeSx0lZwO,5be35bf564744df2a445fae855878c05,2025-10-19T00:57:03Z,1,,5eaa0409ea0448238f7b814cba6057be
spotify:track:3h3w6L6AW4qJ5MC5iMzA0z,5be35bf564744df2a445fae855878c05,2025-10-19T00:57:03Z,3,,5eaa0409ea0448238f7b814cba6057be
spotify:track:3znSvEwBq09We4cxxmwlZM,5be35bf564744df2a445fae855878c05,2025-10-19T00:57:03Z,4,,5eaa0409ea0448238f7b814cba6057be
spotify:track:4qreB9roqaKqNYfvsBmXSX,5be35bf564744df2a445fae855878c05,2025-10-19T00:57:03Z,3,,5eaa0409ea0448238f7b814cba6057be
spotify:track:4Ze7DFjyVa0smRqY2Fxcnz,5be35bf564744df2a445fae855878c05,2025-10-19T00:57:03Z,5,,5eaa0409ea0448238f7b814cba6057be
spotify:track:4ZnNhEo1CDeo9P4Qk7rNjW,5be35bf564744df2a445fae855878c05,2025-10-19T00:57:03Z,3,,5eaa0409ea0448238f7b814cba6057be
spotify:track:5iiu7LnrvAOdPJD6V9mhHZ,5be35bf564744df2a445fae855878c05,2025-10-19T00:57:03Z,1,,5eaa0409ea0448238f7b814cba6057be
spotify:track:67YFLZmFib2iRLXiCt8dr1,5be35bf564744df2a445fae855878c05,2025-10-19T00:57:03Z,3,,5eaa0409ea0448238f7b814cba6057be
spotify:track:1KpAjuTO2M9eYnaGz6uoTc,d16b02d16f77415da273094af63d462e,2025-10-19T01:23:18Z,5,,5eaa0409ea0448238f7b814cba6057be
spotify:track:32Qk0v1WBkwKpfeSx0lZwO,d16b02d16f77415da273094af63d462e,2025-10-19T01:23:18Z,1,,5eaa0409ea0448238f7b814cba6057be
spotify:track:3znSvEwBq09We4cxxmwlZM,d16b02d16f77415da273094af63d462e,2025-10-19T01:23:18Z,2,,5eaa0409ea0448238f7b814cba6057be
spotify:track:4qreB9roqaKqNYfvsBmXSX,d16b02d16f77415da273094af63d462e,2025-10-19T01:23:18Z,2,"I've been vaguely aware that Remember Sports exists for a while but I wouldn't have guessed that they were so, idk, Counting Crows",5eaa0409ea0448238f7b814cba6057be
spotify:track:4Ze7DFjyVa0smRqY2Fxcnz,d16b02d16f77415da273094af63d462e,2025-10-19T01:23:18Z,8,,5eaa0409ea0448238f7b814cba6057be
spotify:track:4ZnNhEo1CDeo9P4Qk7rNjW,d16b02d16f77415da273094af63d462e,2025-10-19T01:23:18Z,2,,5eaa0409ea0448238f7b814cba6057be
spotify:track:5iiu7LnrvAOdPJD6V9mhHZ,d16b02d16f77415da273094af63d462e,2025-10-19T01:23:18Z,2,,5eaa0409ea0448238f7b814cba6057be
spotify:track:67YFLZmFib2iRLXiCt8dr1,d16b02d16f77415da273094af63d462e,2025-10-19T01:23:18Z,4,,5eaa0409ea0448238f7b814cba6057be
spotify:track:6dGpf7aHHf3FcjBZLNE0wg,d16b02d16f77415da273094af63d462e,2025-10-19T01:23:18Z,4,,5eaa0409ea0448238f7b814cba6057be
